Miguel Carballo,61.0,71.76818894602017,3.082494494051084,24.0,69.63473843584028,3.3634262870208143,24.0,72.76964970307895,2.9642683786656496,16.0,71.73653782394467,3.147170756610043,16.0,173747,24
Jim McGovern,50.81818181818182,69.96985655714444,2.6290660966388217,22.0,70.13239982926427,2.4652154533908814,22.0,71.3613929490562,2.234065869530236,12.0,70.59017082855401,2.882520646340108,12.0,137878,22
Hunter Haas,54.583333333333336,70.26686611932051,3.1596419530069455,24.0,70.82571454237002,2.8664601811149004,24.0,70.76817637897442,2.355417061513012,14.0,71.94295265161949,1.760076030065396,14.0,102985,24
Patrick Sheehan,36.758620689655174,70.62940916783981,1.6688190208595481,29.0,69.28563522153667,2.513598787289469,29.0,70.43167287409311,2.302661054668484,22.0,70.60805756314518,2.750768029254967,22.0,261266,29
Camilo Benedetti,73.5909090909091,71.16585710896992,2.42547710065449,22.0,72.14744971851168,3.952092876732331,22.0,71.08476547821869,1.9692975898249006,10.0,71.28162207115454,3.568609114879783,10.0,62308,22
Marc Turnesa,60.241379310344826,71.39005844283204,3.146294820856387,29.0,70.11713495419754,2.8597032638873534,29.0,71.07634320301914,3.311570497661393,15.0,70.86996023735541,2.5358659422176038,15.0,200191,29
Jeremy Anderson,65.8,71.11228903970655,2.9044115843231237,25.0,70.93944360957944,3.0535765378667863,25.0,71.24239085070386,2.5593233732858724,11.0,69.34517062646498,2.802763786833288,11.0,186259,25
Chris Nallen,68.46428571428571,71.33942866194418,3.8123268698642843,28.0,71.16916633076686,2.876113821435811,28.0,71.59860496611101,3.3187464351676494,15.0,72.31549911903932,3.121005134619405,15.0,155735,28
Tim Wilkinson,34.12,69.30905153872608,1.868954094122359,25.0,70.64740853128768,2.5723993237609695,25.0,71.447158690396,2.291122981571227,22.0,70.258570975329,2.3498205434512167,22.0,131128,25
Richard Johnson,47.458333333333336,69.48494182348028,2.8586479839427987,24.0,70.04450286087611,2.88801868450046,24.0,69.98943709795219,2.9918026822169588,16.0,72.46620264349362,3.8390802671239115,16.0,407722,24
Gary Christian,51.72,70.67965515976209,2.1372089666312983,25.0,70.57203635337788,2.531828904108339,25.0,71.64128907581619,2.784032146273878,16.0,71.109811816699,1.8238092750569057,16.0,111197,25
Omar Uresti,46.208333333333336,70.70968593430919,2.398600812197125,24.0,69.55060276160613,2.9236091826494337,24.0,71.1726665655983,2.132404933628945,15.0,70.04656026684432,1.9642865730577386,15.0,241982,24
Tim O'Neal,72.2,71.16565925618598,2.432685215111938,25.0,71.0151520537048,2.776876066559715,25.0,72.45032083069411,2.8772639207624877,14.0,72.78278514469663,3.6133388471738574,14.0,43261,25
Ted Potter Jr.,119.05882352941177,74.9686448100517,5.600742628123343,17.0,75.51026789863272,3.6959207688276052,17.0,70.01483781918564,3.5069013112491376,2.0,72.36680469289166,0.7636300897170472,2.0,13530,17
Justin Bolli,49.28,70.17695736502748,2.5812017157177256,25.0,70.28359745229808,3.7886982300559073,25.0,71.28323519475282,3.8699027071774914,17.0,70.50434531006113,2.701726531011764,17.0,293834,25
Rick Price,62.82142857142857,71.48561620742076,3.2706519995471326,28.0,70.50113486096332,3.28647056561435,28.0,71.2070529298119,1.9470917815204136,14.0,70.3847192854763,2.457656118668487,14.0,104576,28
Adam Riddering,103.94117647058823,73.6599381994262,3.135457274516286,17.0,72.94835738413514,4.1031266325821045,17.0,70.74571586511885,3.5921630268824907,3.0,70.51385927505329,2.8576622519971298,3.0,25299,17
John Kimbell,74.44,70.58982901276612,2.0361735764767737,25.0,72.58964454659824,2.850137721673747,25.0,69.8234944586379,2.2872730376976884,8.0,72.06899392142319,5.842800981383575,8.0,158413,25
Steve Pate,74.21428571428571,71.59314723191378,3.190575413666348,14.0,71.59438123480625,2.8378949688026633,14.0,72.05032225814685,2.960416533051836,4.0,69.88683651691767,2.6340286849666534,4.0,21026,14
Garth Mulroy,46.93103448275862,70.32109292559066,2.3397675043665838,29.0,69.73782460936995,2.7735337798462383,29.0,71.73246311776504,2.7566212090241033,21.0,71.29328558381756,2.935815036433624,21.0,167974,29
Ryan Blaum,54.5,71.07255098457011,3.988812937209713,6.0,69.73505052701223,3.5232547436649173,6.0,71.24799891466559,3.181665303568702,4.0,71.3242588653879,1.8351542214649357,4.0,22207,6
Danny Briggs,76.6,71.40924495393816,2.3619425871753505,20.0,72.0116957536433,3.214539073116341,20.0,71.1487036925738,2.3590382126820213,8.0,71.6968768030124,3.156339364777735,8.0,36772,20
Chris Smith,65.9047619047619,70.34892450760093,2.2564187451541127,21.0,72.06279550083576,2.5318749082264596,21.0,70.91767261162335,1.7843008907180724,10.0,70.58896066330294,2.7567972308057755,10.0,72985,21
Kevin Gessino-Kraft,69.91304347826087,71.91082378471297,3.775290517292293,23.0,70.71215148057183,3.320217573710968,23.0,71.80709520774008,3.0195210160678214,9.0,69.99495505280038,2.3593793783624264,9.0,58496,23
Bob Burns,51.2,69.79362034780807,2.663884918771549,25.0,70.06789808790205,2.975042528839612,25.0,72.23038513681179,2.491619055294461,18.0,72.04380703548718,3.624475329737073,18.0,130651,25
Jason Caron,49.22222222222222,70.66576541194561,2.2803563377206113,27.0,70.3893421842356,2.322633972197433,27.0,71.84627656837185,2.1703916892434196,21.0,71.405822032498,2.026379992776891,21.0,81493,27
D.A. Points,60.107142857142854,70.88338470590023,3.0187599151824984,28.0,71.38459673369726,2.6933538349697916,28.0,70.33928727327091,3.0612246298354124,16.0,71.53611130223761,2.3872839710558704,16.0,156799,28
Roger Tambellini,67.68,71.60427166464346,2.863753206019531,25.0,71.17776967448115,2.4277365840861416,25.0,71.38579547327684,1.6942633506341993,12.0,70.63757745080693,2.4892029602576105,12.0,65743,25
Scott Gump,79.18181818181819,71.67276322811874,2.8829952543173074,11.0,72.11836331510034,3.0078401829443075,11.0,72.63370140326661,4.273816786820591,3.0,70.83501265240396,1.84879300889121,3.0,8662,11
Grant Waite,87.0,70.99050784393083,3.2621575685027633,5.0,71.58002853392209,2.1609902957552216,5.0,71.64285714285714,1.1349206349206327,2.0,71.70634920634922,1.103174603174601,2.0,5445,5
Peter Tomasulo,44.88461538461539,70.11766375325567,2.2173288895416157,26.0,70.12551721786714,2.875036544358884,26.0,71.0154090680543,2.8416183007404614,19.0,71.50072819123304,2.5309632594706923,19.0,109107,26
B.J. Staten,51.30434782608695,71.2934518143974,3.18587472299461,23.0,69.84199338840024,2.867146470916766,23.0,70.25903164816468,2.1199122528474583,14.0,70.46490850256984,1.739780130584586,14.0,193091,23
Vance Veazey,44.36842105263158,70.22261812271984,2.813590545597601,19.0,70.46271128090086,2.733591429481205,19.0,69.68051949397146,1.584130049165799,13.0,70.60553478231157,2.06912101591554,13.0,162223,19
Kevin Johnson,73.85714285714286,71.89812687394642,2.1421681779750696,14.0,70.25653231305854,3.0852642754515314,14.0,71.03386243386244,1.7708791572430802,3.0,70.35589691073562,1.298819325241086,3.0,28550,14
Jon Mills,31.46153846153846,69.31162741056136,2.8732399969025972,26.0,69.7483902538455,2.5741704552701896,26.0,70.31013030866497,2.9143003620772343,22.0,70.26372659223834,2.8074090803437177,22.0,366245,26
Andrew Johnson,81.1,71.99124648488143,4.099889385432598,20.0,71.32862479448664,3.4748684354346646,20.0,71.56062608322736,2.179245098089045,7.0,73.48045605875579,3.159701482228408,7.0,30998,20
Franklin Langham,71.84615384615384,70.53877135104864,2.5607689018509703,26.0,71.73282341483716,2.8952463077549924,26.0,71.86546506852831,2.742215920416896,11.0,71.56292482221336,2.2638199526767506,11.0,175414,26
Erik Compton,78.0,71.40268904355474,3.1442828699148637,18.0,71.61558843797697,2.9748391842584017,18.0,72.82350675118532,1.1123555707202057,7.0,70.52889352710781,1.7994591285791361,7.0,20105,18
Matt Weibring,77.45833333333333,70.5311137664505,2.5861322585296085,24.0,73.05551490504764,2.7747249575231816,24.0,71.38421845762451,3.4321646351232826,9.0,69.66767213136724,1.8259088680746116,9.0,70498,24
Aaron Watkins,75.48148148148148,71.29484345952748,2.6193309757391323,27.0,71.96420382551881,3.0337844616187493,27.0,71.33447455984842,3.1023696518960184,11.0,72.03505823962577,2.853646434451315,11.0,43865,27
Sal Spallone,85.12,72.29117504765443,2.745915882256468,25.0,71.94785372130187,2.7186610937889815,25.0,71.47563787359982,1.6586096756772983,8.0,72.71093194245368,2.65034403385132,8.0,43244,25
Chris Baryla,61.85,70.77955175661967,3.0362948335792437,20.0,70.70053610009529,3.357911355168038,20.0,71.33687051738954,2.8090641117842883,12.0,71.01953077071684,2.4443254120249165,12.0,81418,20
Joseph Alfieri,84.75,71.88244733005234,3.1877284770353875,16.0,72.32703330739196,3.0071116785365795,16.0,71.2497113997114,2.8519733038139274,4.0,72.02005772005772,1.0200002504827788,4.0,11672,16
David Sanchez,80.36363636363636,71.3594413663599,2.109300296496345,11.0,71.39018133293507,3.559701252162355,11.0,68.10396825396825,0.5960317460317484,2.0,72.1765873015873,0.5734126984126959,2.0,14642,11
John Riegger,36.72222222222222,69.56694647128718,1.9497864092213877,18.0,69.65214018313239,2.593482665918913,18.0,71.46262761640014,2.4177566286191503,17.0,71.92992237681966,3.099951033985146,17.0,221185,18
Chris M. Anderson,60.458333333333336,70.04004980167963,3.22773760263289,24.0,70.5389975143923,3.6966387319345233,24.0,72.96587893734646,2.4651250777394305,19.0,72.65767428055605,2.2115478536841313,19.0,56427,24
Andrew Pratt,84.42105263157895,71.56486644933854,2.700066360191305,19.0,71.99773833157298,2.5751253699332888,19.0,72.90221412777383,3.189401170243476,6.0,71.97541163231462,2.7779935501026016,6.0,36492,19
Tom Scherrer,52.916666666666664,69.94337069470028,2.5388511909092446,24.0,70.49456724643628,3.107475955182479,24.0,71.88308654372025,2.1808981527255007,15.0,71.01234861043767,2.386939866116621,15.0,220138,24
Jess Daley,72.73913043478261,70.74028897553848,2.800908164637801,23.0,71.76317319896884,2.415297733482639,23.0,72.22893235022865,2.603616624746344,9.0,70.21553806276027,2.426454721586896,9.0,49289,23
Esteban Toledo,53.25925925925926,70.54185714767378,2.4139598024393134,27.0,70.60198874889574,2.3358950673198424,27.0,69.9085888372199,1.5863500509086992,17.0,72.33846710139436,2.404337883827543,17.0,144088,27
Martin Laird,48.34615384615385,70.08018462707403,2.9742489624792765,26.0,70.61808916211221,2.7955414101081084,26.0,71.2022378497947,2.433012561684202,18.0,70.61491160813472,2.4952865436611447,18.0,245109,26
David Hearn,54.24,71.08007692824012,3.3315449700882818,25.0,70.01623254902259,2.6525389889759734,25.0,71.15024175230997,2.194635927063783,15.0,70.49031484218258,3.1033670839120973,15.0,130698,25
Mike Capone,74.0909090909091,70.92915931364031,1.931964530775932,22.0,72.0925667294087,3.2312409091515923,22.0,72.74823480933212,2.052397935486968,9.0,71.37911738007094,2.228866459817928,9.0,24346,22
Mario Tiziani,67.33333333333333,71.6826584078113,2.432574259077424,24.0,70.5687438622288,2.3252604808228448,24.0,71.81154056390977,2.395936439739764,13.0,71.66196937794922,2.5928153154422313,13.0,48396,24
Rafa Echenique,53.0,66.82706766917293,0.0,1.0,66.18796992481202,0.0,1.0,74.5079365079365,0.0,1.0,73.60317460317461,0.0,1.0,1801,1
Deane Pappas,63.81818181818182,70.21289094660284,2.1141808786881047,22.0,71.71548709576857,3.098474076936173,22.0,71.14651265213361,2.9370991775877955,11.0,71.92845044230003,2.7946764601703737,11.0,64808,22
Len Mattiace,104.875,73.5344729368621,3.1640220029968886,16.0,72.65436637383196,3.365197217995769,16.0,71.07588606218744,3.567949554250923,2.0,74.0070667536421,1.5961078495325083,2.0,3387,16
Jeff Klauk,41.55172413793103,70.09697417295362,2.3900690112033307,29.0,70.01896457331458,2.8305370108229226,29.0,71.3066918918335,2.016731026026078,23.0,70.80438681442695,2.0221223943565,23.0,168703,29
Brad Ott,70.17391304347827,71.24051219906778,3.3724650804251928,23.0,70.90471205459569,2.6369406828928486,23.0,72.52439997679583,2.1367506220321975,12.0,72.74078175224714,2.8421925723602515,12.0,47693,23
Nick Malinowski,101.15384615384616,71.93618306098969,2.3947361579833344,13.0,72.9024507613724,3.1139569289739577,13.0,73.5611111111111,1.9468253968253961,2.0,71.18730158730159,0.584126984126982,2.0,3211,13
Todd Demsey,50.535714285714285,70.41857060934068,2.777730640773791,28.0,70.41875464539345,2.6973211247215922,28.0,71.27781615037478,2.3261074065274197,20.0,71.93243254599933,2.922964570713807,20.0,122820,28
Tom Carter,72.06896551724138,71.49527245388026,3.1826899579425856,29.0,71.33482045560463,2.5319048511419555,29.0,71.23803364294436,2.523644184303132,14.0,72.00051407565809,2.267106989187869,14.0,71983,29
Brad Fritsch,96.66666666666667,73.25105932058592,3.0731742950824925,24.0,71.58748925984571,3.4068005847097136,24.0,73.71661448136217,2.5283481092290305,7.0,73.23039923039923,4.196695687774541,7.0,19485,24
Henrik Bjornstad,63.21739130434783,71.22855071698756,3.0607854676380972,23.0,70.8814495290805,3.8635164590178332,23.0,71.02770031860008,2.057068711222887,11.0,72.28780529166147,2.6507373906411877,11.0,79340,23
Dustin Bray,69.4074074074074,70.81439767867649,2.977660674878869,27.0,71.60553858054587,2.744202286904475,27.0,72.4066306364443,2.086417701423282,7.0,70.98289032813176,1.3863309440784382,7.0,44904,27
Danny Ellis,63.888888888888886,71.62121148803487,3.0508672691105105,18.0,70.7978672760463,1.8417337416869413,18.0,71.2249312802704,3.484535435961755,9.0,70.86829177836667,1.6664527694643572,9.0,66832,18
Mike Heinen,95.47058823529412,71.32996768933167,2.4127822466606688,17.0,73.61822226164917,4.066407330525513,17.0,72.70959721220137,1.3122979070755263,4.0,71.424280002405,1.8268621083596976,4.0,27894,17
John Humphries,106.71428571428571,73.46513576417287,4.098654915856249,14.0,73.93875357607484,3.0256097691869885,14.0,70.98717948717949,0.0,1.0,73.2948717948718,0.0,1.0,1468,14
Curtis Malm,88.0,71.35529386530627,3.307081068109305,28.0,72.9886855127459,3.3078460558907694,28.0,73.17690458472464,3.1102999250837695,12.0,75.21353794487852,3.8632337015947518,12.0,22858,28
Brenden Pappas,37.80769230769231,69.87742580004792,3.0749182729895,26.0,69.72570798384905,2.3970069799712355,26.0,70.32915943463605,2.7467340104201807,20.0,70.83011978686181,2.0381674732192785,20.0,212453,26
Gustavo Rojas,64.0,71.82706766917293,0.0,1.0,68.18796992481202,0.0,1.0,NaN,NaN,0.0,NaN,NaN,0.0,0,1
Scott Sterling,50.74074074074074,70.58622951370111,2.5409039895762655,27.0,70.4077030237885,2.1540851864067005,27.0,71.61111087969611,2.2603635574256975,17.0,70.83028408204906,2.3190463873203018,17.0,216323,27
Brad Sutterfield,93.15384615384616,71.65446096778918,1.8477308501740493,13.0,73.1371263380038,2.338200134350816,13.0,72.71521739130435,1.4152173913043526,2.0,71.19927536231884,0.30072463768115654,2.0,5526,13
Roland Thatcher,38.44444444444444,69.73979054171078,2.708897728544265,27.0,69.8502136216198,2.9115893972415523,27.0,71.0549650165524,3.5112263252387566,19.0,69.80988502352228,2.764317383227501,19.0,415124,27
Alejandro Villavicencio,64.0,72.82706766917293,0.0,1.0,67.18796992481202,0.0,1.0,NaN,NaN,0.0,NaN,NaN,0.0,0,1
Ron Whittaker,44.34615384615385,69.83240390239249,2.485173699316412,26.0,70.2847863250487,2.537473799421574,26.0,71.1328206199823,3.0504072503620874,19.0,71.21619008836507,2.211833123105765,19.0,259762,26
Jay Williamson,44.333333333333336,70.98231560940836,2.692369299921571,12.0,70.07032196506329,2.153751121982177,12.0,69.90871609443424,2.5177812523085374,8.0,70.12916974315011,3.162836762011831,8.0,151218,12
Willie Wood,61.666666666666664,70.65099405574948,2.5079598986228753,6.0,70.71973186207715,2.250408955321372,6.0,69.3381900023691,1.2588249230040276,2.0,73.03079838900734,2.0009476427386943,2.0,10906,6
Brad Adamonis,54.88,70.87443218565832,2.3470650004499203,25.0,70.52340615192105,1.9680703489591747,25.0,70.42017980459504,2.4992335268912913,15.0,71.44106898701783,2.5233228841212716,15.0,169148,25
Ben Bates,69.07692307692308,70.94817047388555,2.9953753713886817,26.0,71.19647276309014,2.5559101747759394,26.0,72.1553970798195,3.000847941812961,13.0,72.17019285282021,2.1013746064448724,13.0,40731,26
Michael Clark II,112.5,73.44728287208342,2.445789577232426,10.0,73.22320069811508,2.8392410742045104,10.0,NaN,NaN,0.0,NaN,NaN,0.0,0,10
Elliot Gealy,94.38461538461539,72.50754429731765,3.191603851771587,26.0,72.68605099121405,2.7590458451262454,26.0,71.79186155971544,1.7414753297550705,5.0,70.47046498909512,1.1015002128851705,5.0,16670,26
Greg Kraft,75.26666666666667,71.86677529894145,3.0106279706335415,15.0,70.97438940392007,2.046524079687908,15.0,72.57863317722722,1.8660149940751205,6.0,71.41342515382816,2.029101627287906,6.0,19983,15
Brock MacKenzie,63.851851851851855,71.91752287827948,3.566907179211168,27.0,70.79785586600175,2.210672381402721,27.0,70.83728687699575,2.370076642909258,14.0,70.31621118043658,2.768786299251934,14.0,118249,27
Hernan Rey,79.0,69.82706766917293,0.0,1.0,71.18796992481202,0.0,1.0,NaN,NaN,0.0,NaN,NaN,0.0,0,1
Ramon Bescansa,85.78571428571429,71.61481240100183,2.233084186696229,14.0,72.56185463616266,2.797096383579066,14.0,71.32910628019323,0.1986714975845345,2.0,74.15066425120773,0.7478864734299577,2.0,4786,14
Guy Boros,83.84210526315789,72.63694126803331,2.984592705794447,19.0,71.1581423383853,2.6218597166340465,19.0,71.60137330475422,1.8362758693348165,5.0,72.95370266585385,2.2582286459324274,5.0,12504,19
Carlos Franco,57.0,71.71270048772475,1.8459645791806147,7.0,68.57462555838899,2.8815360034317923,7.0,72.47493849434147,1.531990371834128,3.0,69.34462850582254,0.9948948605971089,3.0,30780,7
Ian Leggatt,93.0,72.06133955401285,3.510731040134692,18.0,72.49285565585457,2.590089498751829,18.0,72.50942460317461,2.485621924217593,5.0,74.22789682539683,2.2603577263111303,5.0,25218,18
Bryn Parry,71.6,71.40011628202747,3.223404757871664,25.0,71.38657116414507,2.9541537353464116,25.0,71.4005551606445,3.0542468517219863,9.0,71.7111116685184,2.324447746141939,9.0,69237,25
Fran Quinn,69.24,71.71578845006061,2.346946067620557,25.0,70.87444658183448,2.4014226748468257,25.0,72.3311964963967,3.1123061054293513,13.0,71.80165991763428,3.6640224002050896,13.0,55358,25
Chez Reavie,55.72,70.57535922982933,2.644502555415578,25.0,70.89467686177748,2.7231726787526345,25.0,71.76603178517307,3.232041765322045,14.0,70.30161833145745,1.6793303842647591,14.0,208281,25
Richard Swift,86.9047619047619,72.02695476507378,3.4136522121631154,21.0,71.94760923641968,2.5836934353182257,21.0,71.38446969696969,1.38641668186824,4.0,71.78612012987013,3.033841563681731,4.0,31341,21
Garrett Willis,39.42857142857143,69.25643599949197,1.9033626423468786,14.0,70.33974706374653,1.786115676693418,14.0,71.34897267354202,2.924896878145613,11.0,70.92609801265928,5.03147261233,11.0,112053,14
Ryan Howison,90.07692307692308,72.10135559163034,3.042642377662786,26.0,72.61004789621676,2.71553222314688,26.0,71.40526374936312,2.328726999285232,7.0,72.66046313934513,2.058042370942758,7.0,33521,26
Keith Nolan,60.233333333333334,70.67274485356575,2.336099652998958,30.0,71.27898384782523,3.0712113083085986,30.0,71.95774809865608,2.9915690531854446,18.0,71.09861864829853,2.0881630067087977,18.0,67580,30
Mike Norman,95.0,68.82706766917293,0.0,1.0,74.18796992481202,0.0,1.0,NaN,NaN,0.0,NaN,NaN,0.0,0,1
Scott Petersen,112.77777777777777,73.23912660882169,3.6717220150026324,9.0,73.23971603722237,1.5509816382322164,9.0,NaN,NaN,0.0,NaN,NaN,0.0,0,9
Steve Pleis,99.41666666666667,73.37396471436683,2.53601713650483,12.0,72.14988010763834,2.4827196214410217,12.0,71.86372485399092,1.7332900713822141,2.0,74.46420073545318,0.4343499891845184,2.0,3038,12
Ricky Barnes,58.333333333333336,70.9372703198038,2.6182403943764005,27.0,70.84165095558242,1.9432092635430538,27.0,71.64397097521778,2.156647673858867,17.0,71.28137048003275,2.764657488236284,17.0,82776,27
Paul Claxton,57.476190476190474,70.75404866621308,2.8391526524769644,21.0,70.82393050729449,2.9162793132561986,21.0,69.79484218746121,2.4850763455862555,9.0,70.18759762768164,2.2585239464360245,9.0,271520,21
Kris Cox,62.0,70.12258195466084,2.7648289907016625,8.0,70.69511926564749,2.803042171365345,8.0,72.2219713486856,1.7754327889428976,5.0,70.99577818292939,2.6402282912233175,5.0,18800,8
Rudolfo Gonzalez,100.0,71.82706766917293,0.0,1.0,72.18796992481202,0.0,1.0,NaN,NaN,0.0,NaN,NaN,0.0,0,1
David Morland IV,78.92592592592592,71.79838143091492,2.6951356001579594,27.0,71.81752814856488,3.1557743850750453,27.0,71.78635901319177,3.981589017597323,11.0,73.66483041565843,4.295844842915842,11.0,93775,27
Adam Rubinson,105.71428571428571,72.36391280861675,2.494173966596267,7.0,73.77691317402927,3.094730529582875,7.0,NaN,NaN,0.0,NaN,NaN,0.0,0,7
Michael Sims,92.64,72.28243983890556,3.466996701107474,25.0,73.04013665431617,3.081389344834543,25.0,72.69090301627615,1.7294753730208663,9.0,72.40869902163435,3.6200678905058896,9.0,39103,25
Rodolfo Gonzalez,100.0,71.82706766917293,0.0,1.0,72.18796992481202,0.0,1.0,NaN,NaN,0.0,NaN,NaN,0.0,0,1
Jason Allred,72.35714285714286,70.78729553037897,3.315765703060648,28.0,71.47273209657816,3.1013297898759866,28.0,71.89453078407759,2.538448613348922,12.0,71.2144993052687,2.694799550203738,12.0,73500,28
Joe Daley,63.26086956521739,71.41828252882986,3.3146909616544384,23.0,70.60396809672059,2.6152597264691453,23.0,70.9542162001476,2.4670153187833566,13.0,72.59163219577974,2.3982559110894197,13.0,86821,23
Scott Dunlap,60.0,71.90412969083076,2.77649798840454,26.0,70.25897445390821,2.919956898987256,26.0,70.67582075719417,2.41682199197336,17.0,72.21873796461993,1.9630507083991124,17.0,79830,26
Brad Elder,45.407407407407405,70.45391716188068,2.814245425497591,27.0,70.34266594268739,2.0675144544984683,27.0,70.31664881243496,2.237102945998952,19.0,71.03249616348718,2.603781823579689,19.0,227621,27
Bradley Hughes,82.28571428571429,72.09981711387906,2.430513979345588,21.0,71.49260006883951,3.4594687138524405,21.0,73.59451839243357,2.19372340095719,8.0,71.88931857946216,0.3203542248440784,7.0,30878,21
John Morse,75.35,71.61916771168883,2.1529423417710287,20.0,71.16520926213755,2.7800368350643825,20.0,72.417352239816,1.1644450087983829,9.0,72.97034778157966,3.02732610273048,9.0,21632,20
David Ogrin,97.94736842105263,72.9701390137161,2.650946184916886,19.0,72.1262577825316,2.8010066644581566,19.0,75.79245422731064,1.4902759799541654,5.0,72.14611680211779,2.500705307679607,5.0,7320,19
Chris Thompson,68.44827586206897,70.75969068336202,2.6304894552515394,29.0,72.11913937070848,3.4393508404075,29.0,71.1946572703668,2.41347117813223,15.0,71.55781154642894,2.4076804438343617,15.0,66618,29
Kyle Thompson,70.11111111111111,71.57061556445346,3.5964297430384753,27.0,71.50335319322346,2.9121351941673397,27.0,69.84776474064036,2.4533113669832938,12.0,70.3163689583612,1.957825977269082,12.0,248699,27
Nicholas Thompson,49.96666666666667,70.18210035438675,2.898811844033319,30.0,70.41037957853129,2.635141947805571,30.0,71.36572028064221,2.209063129265153,22.0,71.22423155479248,2.80328577946029,22.0,258131,30
Lee M. Williamson,68.08695652173913,71.5098160906657,2.084933745376508,23.0,70.7634344600077,2.7916648317353023,23.0,71.09142243130724,2.601159273497811,8.0,71.60651613481102,1.6603735676658378,8.0,70828,23
Julio Zapata,108.0,73.82706766917293,0.0,1.0,71.18796992481202,0.0,1.0,NaN,NaN,0.0,NaN,NaN,0.0,0,1
Oscar Alvarez,120.0,71.82706766917293,0.0,1.0,74.18796992481202,0.0,1.0,NaN,NaN,0.0,NaN,NaN,0.0,0,1
Jason Enloe,68.875,71.62654144898399,3.415969774618523,24.0,71.67556376733214,3.1426590352323815,24.0,70.90522169585425,1.53268927987132,12.0,72.09897114593672,1.9989239521024182,12.0,72145,24
Todd Fischer,59.523809523809526,70.89148555103439,3.22530865223312,21.0,70.83311083279604,2.7734300188017715,21.0,71.11676306146875,2.495571654714479,13.0,71.63581958915981,3.3003793754592845,13.0,70659,21
Ryan Hietala,78.9090909090909,71.69099320107912,2.860227841448121,22.0,71.36125731207804,3.153573510955375,22.0,72.3611305565648,2.5009022062553785,11.0,72.74990083706028,2.9639960215142915,11.0,31708,22
Mike Hulbert,109.23076923076923,73.37457209539679,3.0185964808495767,13.0,73.2319854885871,1.8633809822291754,13.0,75.68831168831169,0.0,1.0,70.1948051948052,0.0,1.0,1366,13
Spike McRoy,88.2,72.04701843245934,3.5269868260815267,10.0,72.2719862345718,2.4134388690220434,10.0,75.41388888888889,1.1138888888888872,2.0,72.45138888888889,2.9513888888888857,2.0,4635,10
Paulo Pinto,120.0,72.82706766917293,0.0,1.0,73.18796992481202,0.0,1.0,NaN,NaN,0.0,NaN,NaN,0.0,0,1
Jon Turcott,66.3157894736842,71.04378956336886,2.7303869485202408,19.0,70.76059442177137,2.9390187693625145,19.0,71.57831693082834,2.221645522789491,9.0,70.4076547473955,1.4177501519853846,9.0,93218,19
Tee McCabe,60.37931034482759,70.38954828063663,2.4531010843863927,29.0,71.35701155859384,2.2827539491901265,29.0,71.82379542364109,3.641160228201906,17.0,71.53956573922166,2.9177608638751384,17.0,107628,29
Rafael Gomez,129.0,70.82706766917293,0.0,1.0,77.18796992481202,0.0,1.0,NaN,NaN,0.0,NaN,NaN,0.0,0,1
Skip Kendall,61.45454545454545,71.03365653133022,2.2168795748344046,22.0,70.51955682582519,2.984674189415741,22.0,71.60801368509603,2.9862698506246086,12.0,71.68363154663197,2.0654518047989523,12.0,179552,22
Jimmy Walker,54.92857142857143,70.93968437427695,2.8860060856863265,28.0,70.62436784917328,2.8606976316338173,28.0,71.72611854889134,2.8229270752604845,20.0,70.30766533008669,2.1410666447487285,20.0,189324,28
Gabriel Hjertstedt,83.17647058823529,70.86991906875349,1.4487477723480209,17.0,72.74264254586421,2.8191495857823994,17.0,71.9432781149199,2.292212999799249,5.0,74.09665500337141,3.2290451659727135,5.0,17251,17
Michael Letzig,50.22222222222222,69.9043052420201,3.1469530838661957,27.0,70.23098067718443,3.330802800673305,27.0,72.18018602102067,2.811979389693506,19.0,71.08674466316499,3.9145933596308926,19.0,263949,27
David Lutterus,66.0,70.75930261768224,3.004109741221456,9.0,73.01457473683621,3.858862021719449,9.0,70.06289543789543,2.694605424170756,4.0,69.46764624264624,1.5902020448989496,4.0,79679,9
Marc Leishman,54.0,71.8651505939032,2.2551692909713483,8.0,69.84241570061559,2.727355580256768,8.0,69.29288503163504,1.9645389223017686,5.0,70.52244116994116,4.012449249303884,5.0,63643,8
Brendan Jones,12.5,71.04927099044747,0.25842131724484574,2.0,68.0151458019105,0.1066490698843694,2.0,71.3507326007326,3.6364468864468904,2.0,69.13156288156287,0.16330891330891717,2.0,42113,2
Craig Parry,12.0,71.54927099044747,0.24157868275515426,2.0,66.5151458019105,2.3933509301156306,2.0,70.3507326007326,2.3635531135531096,2.0,71.13156288156287,2.163308913308917,2.0,29569,2
Brett Rumford,74.0,70.04927099044747,3.7415786827551543,2.0,72.5151458019105,3.3933509301156306,2.0,72.71428571428571,0.0,1.0,68.96825396825396,0.0,1.0,22737,2
Peter Senior,12.0,67.04927099044747,1.2584213172448457,2.0,68.5151458019105,0.3933509301156306,2.0,70.3507326007326,1.6364468864468904,2.0,73.63156288156287,1.6633089133089172,2.0,29569,2
Nick Flanagan,40.75,70.31570107185378,2.021795328635904,16.0,69.84949081542433,2.503848892211922,16.0,70.86329320139431,2.0018826471859597,11.0,70.25761401349345,3.8387537247044463,11.0,252952,16
Peter Wilson,51.5,72.04927099044747,4.741578682755154,2.0,70.5151458019105,1.6066490698843694,2.0,68.71428571428571,0.0,1.0,69.96825396825396,0.0,1.0,17053,2
Andrew Pitt,45.0,69.54927099044747,2.2415786827551543,2.0,71.5151458019105,1.3933509301156306,2.0,70.71428571428571,0.0,1.0,70.96825396825396,0.0,1.0,12632,2
Greg Chalmers,51.88461538461539,69.96114177076039,2.224640107700698,26.0,70.94751208615102,2.771043991236177,26.0,70.90151345946485,2.298114870773613,16.0,72.06192503682676,2.8945070110572924,16.0,143091,26
Aron Price,58.64,70.51560689486459,2.2744804459788286,25.0,70.80786472362442,3.6358431276915884,25.0,71.57663482950396,2.992828037957052,17.0,72.68016166777852,3.326089921937571,17.0,144211,25
David Smail,16.5,71.04927099044747,0.7415786827551543,2.0,68.5151458019105,0.3933509301156306,2.0,70.8507326007326,0.8635531135531096,2.0,70.63156288156287,0.6633089133089172,2.0,16811,2
Anthony Brown,17.0,67.3076923076923,0.0,1.0,70.12179487179488,0.0,1.0,70.71428571428571,0.0,1.0,72.96825396825396,0.0,1.0,7257,1
Michael Wright,58.5,70.54927099044747,1.7584213172448457,2.0,71.5151458019105,5.393350930115631,2.0,74.71428571428571,0.0,1.0,68.96825396825396,0.0,1.0,6126,2
Cameron Percy,50.5,70.54927099044747,1.2415786827551543,2.0,71.5151458019105,1.3933509301156306,2.0,69.71428571428571,0.0,1.0,72.96825396825396,0.0,1.0,6126,2
Peter Fowler,18.0,69.04927099044747,0.25842131724484574,2.0,71.0151458019105,0.1066490698843694,2.0,71.8507326007326,2.8635531135531096,2.0,69.13156288156287,1.1633089133089172,2.0,18854,2
Scott Hend,26.0,70.3076923076923,0.0,1.0,72.12179487179488,0.0,1.0,66.71428571428571,0.0,1.0,73.96825396825396,0.0,1.0,4749,1
Jason Day,30.647058823529413,69.06152962902132,2.323694822816901,17.0,70.552366214752,3.3189219732002853,17.0,68.75882455092145,2.426159893996232,14.0,70.20376947437661,3.6713343872040065,14.0,331541,17
Won Joon Lee,37.5,69.54927099044747,1.7584213172448457,2.0,70.5151458019105,0.6066490698843694,2.0,72.8507326007326,2.1364468864468904,2.0,72.63156288156287,0.6633089133089172,2.0,5747,2
Jens Nilsson,50.5,71.54927099044747,1.2415786827551543,2.0,69.5151458019105,0.6066490698843694,2.0,73.3507326007326,1.6364468864468904,2.0,73.13156288156287,0.16330891330891717,2.0,4585,2
Scott Gardiner,52.0,70.41577082209079,2.2851424479563684,26.0,70.35248171005045,2.5679404459858226,26.0,71.2379346897467,3.010452729747175,17.0,71.52213260484389,2.237047579859782,17.0,181840,26
James Nitties,79.375,72.50824242234381,4.411552048980183,8.0,71.26806453524668,3.0443731884379455,8.0,73.34956247456248,3.2324950518468256,3.0,70.89326414326415,1.4361648150579998,3.0,29686,8
Brad Lamb,63.0,72.53062510474275,1.7186594230009467,3.0,70.60787497905146,1.3753651956300235,3.0,72.8507326007326,2.1364468864468904,2.0,71.13156288156287,1.8366910866910828,2.0,3949,3
Gavin Flint,39.0,70.3076923076923,0.0,1.0,68.12179487179488,0.0,1.0,72.71428571428571,0.0,1.0,74.96825396825396,0.0,1.0,2653,1
Scott Laycock,59.0,72.54927099044747,0.7584213172448457,2.0,70.5151458019105,2.3933509301156306,2.0,69.71428571428571,0.0,1.0,74.96825396825396,0.0,1.0,2653,2
Anthony Painter,99.0,72.54927099044747,5.241578682755154,2.0,75.5151458019105,3.3933509301156306,2.0,74.71428571428571,0.0,1.0,72.96825396825396,0.0,1.0,1958,2
Jarrod Moseley,64.5,70.04927099044747,0.7415786827551543,2.0,72.5151458019105,1.3933509301156306,2.0,71.71428571428571,0.0,1.0,75.96825396825396,0.0,1.0,1527,2
Michael Long,72.88461538461539,71.37399514800404,2.6612226381582005,26.0,71.35596905561705,2.233163891756893,26.0,71.34928130208237,2.1862976056391874,11.0,72.22318342466059,2.6109171333179884,11.0,39642,26
Steven Jeffress,74.5,70.54927099044747,3.2415786827551543,2.0,71.0151458019105,0.8933509301156306,2.0,71.71428571428571,0.0,1.0,79.96825396825396,0.0,1.0,1371,2
Luke Hickmott,49.0,70.04927099044747,0.25842131724484574,2.0,71.5151458019105,0.6066490698843694,2.0,72.8507326007326,2.1364468864468904,2.0,73.63156288156287,3.336691086691083,2.0,3733,2
Peter O'Malley,60.0,69.3076923076923,0.0,1.0,71.12179487179488,0.0,1.0,74.71428571428571,0.0,1.0,76.96825396825396,0.0,1.0,1307,1
Steven Bowditch,84.52380952380952,73.03499447992287,3.7838286049205,21.0,72.0663792797679,4.459041705781782,21.0,72.78052366015328,3.8544565452950845,9.0,72.38780591836147,3.9432753442345505,9.0,56173,21
Ben Bunny,65.0,69.54927099044747,2.2415786827551543,2.0,73.5151458019105,1.6066490698843694,2.0,76.3507326007326,2.3635531135531096,2.0,76.63156288156287,3.336691086691083,2.0,2476,2
Marcus Cain,90.5,72.04927099044747,1.7415786827551543,2.0,73.0151458019105,0.1066490698843694,2.0,NaN,NaN,0.0,NaN,NaN,0.0,0,2
Paul Donahoo,108.5,74.04927099044747,0.7415786827551543,2.0,76.5151458019105,6.393350930115631,2.0,NaN,NaN,0.0,NaN,NaN,0.0,0,2
Matthew Ecob,69.5,70.54927099044747,0.7584213172448457,2.0,71.0151458019105,1.1066490698843694,2.0,75.98717948717949,0.0,1.0,77.2948717948718,0.0,1.0,1118,2
Edward Loar,70.5,70.55796807501595,2.4635383722294586,18.0,71.35157295610536,3.696132421567277,18.0,72.79782193953389,1.6930107132756924,8.0,72.77211382732509,2.0473826634299055,8.0,55227,18
Leigh McKechnie,64.0,75.3076923076923,0.0,1.0,68.12179487179488,0.0,1.0,NaN,NaN,0.0,NaN,NaN,0.0,0,1
David McKenzie,53.0,70.98159382760558,3.0907406533971087,28.0,70.65031941953274,3.120152312117928,28.0,69.82820788353246,2.8109979453899268,16.0,70.42786832763419,2.3606019045259314,16.0,189283,28
Ricky Schmidt,107.0,73.54927099044747,1.2415786827551543,2.0,75.0151458019105,3.8933509301156306,2.0,NaN,NaN,0.0,NaN,NaN,0.0,0,2
Craig Scott,96.5,70.04927099044747,1.7415786827551543,2.0,75.5151458019105,0.3933509301156306,2.0,NaN,NaN,0.0,NaN,NaN,0.0,0,2
Kurt Barnes,87.5,72.04927099044747,1.7415786827551543,2.0,73.0151458019105,1.1066490698843694,2.0,NaN,NaN,0.0,NaN,NaN,0.0,0,2
Brendan Chant,80.0,71.3076923076923,0.0,1.0,73.12179487179488,0.0,1.0,NaN,NaN,0.0,NaN,NaN,0.0,0,1
Chad Collins,52.0,69.73080862669592,2.2144559407718045,27.0,71.40603745962636,2.1960909104899184,27.0,71.08453293086673,2.5633027632938448,16.0,70.76006237732311,2.5308067339060387,16.0,209877,27
David Diaz,94.33333333333333,74.36176564926079,4.025384578895268,3.0,71.74961155005954,1.1292631894274794,3.0,75.98717948717949,0.0,1.0,72.2948717948718,0.0,1.0,1149,3
Kim Felton,88.2,72.28027425201128,3.4199759682041524,20.0,72.50134245899201,2.3444003705326195,20.0,72.53767934383961,1.6970126556645115,8.0,71.77887642012703,2.386284832647121,8.0,28868,20
Tristan Lambert,108.0,73.54927099044747,0.24157868275515426,2.0,73.0151458019105,1.8933509301156306,2.0,NaN,NaN,0.0,NaN,NaN,0.0,0,2
Wade Ormsby,56.0,71.04927099044747,0.7415786827551543,2.0,72.5151458019105,1.6066490698843694,2.0,73.98717948717949,0.0,1.0,68.2948717948718,0.0,1.0,3474,2
Terry Pilkadaris,80.0,73.3076923076923,0.0,1.0,71.12179487179488,0.0,1.0,NaN,NaN,0.0,NaN,NaN,0.0,0,1
Heath Reed,80.0,77.3076923076923,0.0,1.0,67.12179487179488,0.0,1.0,NaN,NaN,0.0,NaN,NaN,0.0,0,1
Ed Stedman,80.0,73.3076923076923,0.0,1.0,71.12179487179488,0.0,1.0,NaN,NaN,0.0,NaN,NaN,0.0,0,1
Adam Crawford,82.4,69.95797411762852,1.7015703300962304,5.0,73.33818612746316,2.588793340765821,5.0,73.18739635157544,0.5903814262023204,2.0,70.41968727789623,3.61016346837242,2.0,4665,5
Alistair Presnell,98.0,74.3076923076923,0.0,1.0,71.12179487179488,0.0,1.0,NaN,NaN,0.0,NaN,NaN,0.0,0,1
Phil Tataurangi,73.9,72.06269460711643,2.453465440468838,20.0,71.026332356484,3.38508039119849,20.0,72.21567320177293,1.2972644221897354,9.0,71.39137333775312,1.8276039000700446,9.0,31660,20
Aaron Townsend,65.0,71.54927099044747,1.7584213172448457,2.0,71.0151458019105,1.1066490698843694,2.0,67.98717948717949,0.0,1.0,77.2948717948718,0.0,1.0,3474,2
Andrew Bonhomme,111.0,70.3076923076923,0.0,1.0,76.12179487179488,0.0,1.0,NaN,NaN,0.0,NaN,NaN,0.0,0,1
Michael Brennan,85.0,71.54927099044747,0.7584213172448457,2.0,73.5151458019105,0.6066490698843694,2.0,69.98717948717949,0.0,1.0,74.2948717948718,0.0,1.0,1296,2
Eric Egloff,103.0,71.04927099044747,0.7415786827551543,2.0,75.0151458019105,1.1066490698843694,2.0,NaN,NaN,0.0,NaN,NaN,0.0,0,2
Wayne Grady,111.0,73.3076923076923,0.0,1.0,73.12179487179488,0.0,1.0,NaN,NaN,0.0,NaN,NaN,0.0,0,1
Christopher D. Gray,111.0,73.3076923076923,0.0,1.0,73.12179487179488,0.0,1.0,NaN,NaN,0.0,NaN,NaN,0.0,0,1
Christopher W. Gray,123.5,72.54927099044747,0.7584213172448457,2.0,75.0151458019105,1.8933509301156306,2.0,NaN,NaN,0.0,NaN,NaN,0.0,0,2
Ashley Hall,114.0,74.04927099044747,0.7415786827551543,2.0,72.5151458019105,0.6066490698843694,2.0,NaN,NaN,0.0,NaN,NaN,0.0,0,2
Ryan Haller,95.0,72.54927099044747,2.7584213172448457,2.0,73.0151458019105,1.8933509301156306,2.0,NaN,NaN,0.0,NaN,NaN,0.0,0,2
Robin Hodgetts,127.0,75.54927099044747,3.2415786827551543,2.0,72.5151458019105,1.6066490698843694,2.0,NaN,NaN,0.0,NaN,NaN,0.0,0,2
Tony McFadyean,111.0,72.3076923076923,0.0,1.0,74.12179487179488,0.0,1.0,NaN,NaN,0.0,NaN,NaN,0.0,0,1
Jason Norris,103.0,72.04927099044747,0.25842131724484574,2.0,74.0151458019105,0.1066490698843694,2.0,NaN,NaN,0.0,NaN,NaN,0.0,0,2
Adam Bland,87.5,72.04927099044747,0.7415786827551543,2.0,72.5151458019105,3.6066490698843694,2.0,73.98717948717949,0.0,1.0,71.2948717948718,0.0,1.0,1468,2
Matt Jones,41.0,70.36988579381426,2.3336959593413567,24.0,70.21125598470816,2.294089980840634,24.0,69.45292947603923,1.5608958064606,17.0,70.37263269882824,3.322554418096636,17.0,300276,24
Andrew Tschudin,99.0,73.38553549900799,1.8448311439357827,3.0,71.88321548084356,3.1394488998317307,3.0,74.1304347826087,0.0,1.0,71.89855072463769,0.0,1.0,1613,3
Josh Williams,92.33333333333333,72.08913384934668,2.936408744234989,21.0,72.53149011618892,3.081438606483702,21.0,72.42775245604561,2.2776599440113343,7.0,73.4848677621069,3.7621582572090815,7.0,16516,21
Chris Downes,72.5,72.54927099044747,2.7584213172448457,2.0,71.5151458019105,1.6066490698843694,2.0,74.98717948717949,0.0,1.0,64.2948717948718,0.0,1.0,14105,2
Steven Jones,115.0,74.54927099044747,0.7584213172448457,2.0,72.5151458019105,0.6066490698843694,2.0,NaN,NaN,0.0,NaN,NaN,0.0,0,2
Paul Marantz,135.0,76.3076923076923,0.0,1.0,72.12179487179488,0.0,1.0,NaN,NaN,0.0,NaN,NaN,0.0,0,1
Lucas Parsons,126.0,75.54927099044747,0.7584213172448457,2.0,72.0151458019105,0.1066490698843694,2.0,NaN,NaN,0.0,NaN,NaN,0.0,0,2
Terry Price,115.0,73.54927099044747,1.7584213172448457,2.0,73.5151458019105,0.3933509301156306,2.0,NaN,NaN,0.0,NaN,NaN,0.0,0,2
Euan Walters,92.0,71.54927099044747,1.7584213172448457,2.0,74.5151458019105,0.6066490698843694,2.0,69.98717948717949,0.0,1.0,73.2948717948718,0.0,1.0,1468,2
Rodney Booth,144.0,79.54927099044747,2.2415786827551543,2.0,71.5151458019105,0.6066490698843694,2.0,NaN,NaN,0.0,NaN,NaN,0.0,0,2
Chris K Campbell,87.5,72.54927099044747,0.7584213172448457,2.0,72.5151458019105,4.606649069884369,2.0,70.98717948717949,0.0,1.0,74.2948717948718,0.0,1.0,3474,2
Matt Hansen,59.78947368421053,70.34728725330082,2.4596083967212587,19.0,70.94992754275036,3.4047328018789247,19.0,72.52892757042464,2.2673251058187263,12.0,72.19663815249855,3.2660255565230107,12.0,43108,19
Ewan Porter,120.66666666666667,74.15405944817711,1.5406972487312933,3.0,73.87256806374454,0.7077076203043293,3.0,NaN,NaN,0.0,NaN,NaN,0.0,0,3
Dean Kinney,121.0,75.54927099044747,2.7584213172448457,2.0,73.0151458019105,0.1066490698843694,2.0,NaN,NaN,0.0,NaN,NaN,0.0,0,2
Bradley Iles,113.0,73.04927099044747,4.258421317244846,2.0,75.0151458019105,0.1066490698843694,2.0,74.98717948717949,0.0,1.0,74.2948717948718,0.0,1.0,1118,2
Adam Porker,135.5,76.54927099044747,0.7584213172448457,2.0,75.0151458019105,4.106649069884369,2.0,NaN,NaN,0.0,NaN,NaN,0.0,0,2
Shane Baxter,142.0,76.54927099044747,1.7584213172448457,2.0,77.5151458019105,4.606649069884369,2.0,NaN,NaN,0.0,NaN,NaN,0.0,0,2
Louis Fuller,156.0,79.3076923076923,0.0,1.0,83.12179487179488,0.0,1.0,NaN,NaN,0.0,NaN,NaN,0.0,0,1
Mark Brown,6.0,70.79084967320262,0.0,1.0,72.90849673202614,0.0,1.0,62.98717948717949,0.0,1.0,71.2948717948718,0.0,1.0,19579,1
Craig Jones,40.0,68.79084967320262,0.0,1.0,70.90849673202614,0.0,1.0,71.98717948717949,0.0,1.0,74.2948717948718,0.0,1.0,2400,1
Steve Alker,59.0,73.79084967320262,0.0,1.0,67.90849673202614,0.0,1.0,75.98717948717949,0.0,1.0,70.2948717948718,0.0,1.0,1296,1
Grant Moorhead,59.0,70.79084967320262,0.0,1.0,70.90849673202614,0.0,1.0,72.98717948717949,0.0,1.0,73.2948717948718,0.0,1.0,1296,1
Ben Burge,67.0,74.79084967320262,0.0,1.0,65.90849673202614,0.0,1.0,75.98717948717949,0.0,1.0,74.2948717948718,0.0,1.0,1200,1
Doug Holloway,67.0,72.79084967320262,0.0,1.0,69.90849673202614,0.0,1.0,77.98717948717949,0.0,1.0,70.2948717948718,0.0,1.0,1200,1
Mahal Pearce,67.0,70.79084967320262,0.0,1.0,72.90849673202614,0.0,1.0,72.98717948717949,0.0,1.0,74.2948717948718,0.0,1.0,1200,1
Michael Hendry,72.0,72.79084967320262,0.0,1.0,69.90849673202614,0.0,1.0,75.98717948717949,0.0,1.0,73.2948717948718,0.0,1.0,1149,1
Neven Basic,78.0,71.79084967320262,0.0,1.0,71.90849673202614,0.0,1.0,76.98717948717949,0.0,1.0,76.2948717948718,0.0,1.0,1086,1
Tony Christie,79.0,74.79084967320262,0.0,1.0,69.90849673202614,0.0,1.0,NaN,NaN,0.0,NaN,NaN,0.0,0,1
Eddie Lee,95.0,73.79084967320262,0.0,1.0,71.90849673202614,0.0,1.0,NaN,NaN,0.0,NaN,NaN,0.0,0,1
Hamish Robertson,117.0,75.79084967320262,0.0,1.0,70.90849673202614,0.0,1.0,NaN,NaN,0.0,NaN,NaN,0.0,0,1
Mathew Holten,129.0,72.79084967320262,0.0,1.0,74.90849673202614,0.0,1.0,NaN,NaN,0.0,NaN,NaN,0.0,0,1
Chris Gray,136.0,71.79084967320262,0.0,1.0,76.90849673202614,0.0,1.0,NaN,NaN,0.0,NaN,NaN,0.0,0,1
John Williamson,150.0,76.79084967320262,0.0,1.0,76.90849673202614,0.0,1.0,NaN,NaN,0.0,NaN,NaN,0.0,0,1
Jarrod Lyle,52.25,70.32748647342262,0.8850598321811003,4.0,72.17892214857892,1.6122828688834976,4.0,66.53163580246914,2.815586419753089,2.0,70.72685185185185,1.6898148148148167,2.0,36767,4
D.J. Brigman,67.0,70.73325163398692,1.9138071895424815,2.0,72.0716911764706,2.4119689542483655,2.0,67.71604938271605,0.0,1.0,67.03703703703704,0.0,1.0,22000,2
Tom Byrum,13.333333333333334,69.99043086543087,1.8517196238510958,3.0,68.82960326710327,1.6507321859083446,3.0,68.25643204532093,0.6574142779542811,3.0,70.79474106140772,0.7562765340007777,3.0,45805,3
Tag Ridings,42.18181818181818,69.2736789657745,2.1894208956054184,11.0,70.45679458523973,3.153354857475585,11.0,70.31703901672675,3.2328361127631937,7.0,71.05039637460126,1.5881788179762546,7.0,93819,11
Chris Tidland,20.5,69.1545878549555,0.6901658034469845,4.0,69.99311748300718,0.8942556995007123,4.0,70.5923240339907,3.0476043065131972,4.0,69.40759425759425,2.0444978580025546,4.0,48180,4
John Cook,8.0,68.81944444444444,0.0,1.0,67.65972222222223,0.0,1.0,70.71604938271605,0.0,1.0,68.03703703703704,0.0,1.0,14000,1
Greg Sonnier,48.666666666666664,69.36357476582522,1.9268063228630528,3.0,73.78168872332222,2.427655873765304,3.0,67.3990082979154,4.68295891519935,2.0,71.05130540376442,0.01426836672738574,2.0,17688,3
Matt Hendrix,46.25,71.33949325748821,2.92138570582573,4.0,69.83566613988174,2.0564455826293253,4.0,68.02606565935754,1.782186216606113,3.0,71.14128431914503,0.9789874706428141,3.0,21557,4
Jeff Overton,49.142857142857146,69.9644503209866,2.572131784419955,7.0,70.27737185438541,2.251985040566147,7.0,71.66995869441224,0.8864105527217847,4.0,70.8570920958216,1.4388024146428624,4.0,28911,7
Jason Schultz,60.2,71.64716021685031,3.2925447251245736,5.0,70.37167519445943,2.667856408361863,5.0,70.55442386831275,3.019696475589493,3.0,71.23328584995251,0.9715223389257001,3.0,18895,5
Hank Kuehne,63.0,71.09641229442934,2.070335883864341,3.0,71.15424148203059,3.689763699178879,3.0,72.8990082979154,1.1829589151993503,2.0,70.05130540376442,0.9857316332726143,2.0,8518,3
James Driscoll,62.04347826086956,71.54149853792543,3.709202564466602,23.0,70.51801473786468,3.5044867898741274,23.0,70.76219000180352,2.397164900551012,12.0,70.76449872926322,2.43147928561454,12.0,205655,23
Matt Every,91.0,73.42194715909834,4.496736192725821,3.0,73.74766556118111,6.771844559262442,3.0,69.71604938271605,0.0,1.0,71.03703703703704,0.0,1.0,3000,3
Larry Mize,66.4,71.05197539886889,3.1313461072705775,5.0,70.24109944911939,1.12521586105546,5.0,72.03028069528898,1.8151301247391725,3.0,72.9588038642765,1.4673938252858203,3.0,7198,5
Chris Riley,48.666666666666664,70.17485592803429,1.8902301765197635,3.0,70.2542457305503,1.6243850355167664,3.0,69.42324208266237,0.29280730005367417,2.0,70.96779388083736,1.0692431561996756,2.0,93000,3
Jaco Van Zyl,60.57142857142857,69.71068904364513,2.050932675982777,7.0,71.38117532034244,2.5778044072512563,7.0,70.139868898323,1.4808672345779075,3.0,71.2477431318011,1.6116410684266713,3.0,60075,7
Brian Smock,57.15,70.1916473935736,2.4482069307058083,20.0,71.14873260381351,2.654364258109546,20.0,71.27762218527985,2.7833626357774968,13.0,72.47434450282434,2.4753906001497343,13.0,72794,20
Jeff Brehaut,98.33333333333333,72.5534441049147,3.0722122981271536,3.0,73.34590123928359,1.4544472775535766,3.0,71.71604938271605,0.0,1.0,70.03703703703704,0.0,1.0,1700,3
Kyle Reifers,72.66666666666667,73.0815288055221,1.972301129292561,3.0,70.7352948909157,3.6648173566313695,3.0,71.29373897707231,1.5776895943562579,2.0,71.9042328042328,0.8671957671957671,2.0,4820,3
Jeremy Tucker,66.5,71.69130187712446,2.0266398604825633,4.0,71.61324884076168,2.004635026260097,4.0,72.06149762650591,2.9395771768860173,3.0,72.61277211824476,2.3790799542949337,3.0,5983,4
Craig Lile,47.2,68.83905489934901,3.5388927851528473,5.0,68.92013501204679,2.9289189523260086,5.0,70.44365825195013,0.5416651894905402,3.0,72.75111337897408,3.312592914364935,3.0,29532,5
Bryce Molder,79.5,71.38705391830392,3.1574569990236534,4.0,71.52925373237873,2.562605394194033,4.0,72.71604938271605,0.0,1.0,70.03703703703704,0.0,1.0,1488,4
Michael Boyd,73.66666666666667,71.34780878163231,4.531652127785919,3.0,69.5905291603821,3.485498998083789,3.0,70.86548737792519,1.8505620047908593,2.0,71.5035931453842,1.5334438916528441,2.0,16063,3
David Mathis,55.56521739130435,70.73546784308014,2.3414263781452025,23.0,70.71569721844995,2.237115213057254,23.0,70.60338622271878,2.441212466136565,13.0,70.36471826096894,2.497653831034881,13.0,123032,23
Kenneth Staton,83.88235294117646,71.67635835239751,2.8228658280262096,17.0,71.89810032261593,2.6841449680403953,17.0,72.41664078228088,3.1075790525805513,6.0,70.8118522245334,2.1870212508844666,6.0,26280,17
Steve Jones,53.0,69.99118339300743,2.101001493716927,4.0,70.59415793271499,0.7550751878011597,4.0,74.64378330972137,2.313497729530412,3.0,70.00087026917627,1.5656068373441718,3.0,13988,4
Jim Rutledge,50.0,70.45895218133121,1.5355399743407463,4.0,69.83026696645648,1.2748228608956607,4.0,73.21216530383197,2.4318647954726105,4.0,72.1039923039923,1.384498696638058,4.0,11900,4
Jay Delsing,93.0,72.35556533698352,2.92470870704862,7.0,71.98655747003484,3.597133325505402,7.0,72.42324208266237,2.292807300053674,2.0,75.46779388083736,1.5692431561996756,2.0,19100,7
Darron Stiles,88.8,71.89371366340374,1.6016220526354956,5.0,71.06354998633424,2.5100700117671035,5.0,73.87142857142857,0.0,1.0,72.77142857142857,0.0,1.0,3120,5
Bob Heintz,82.0,71.58180014430015,0.7623556998557035,2.0,71.4142766955267,1.2454455266955264,2.0,NaN,NaN,0.0,NaN,NaN,0.0,0,2
Chris O'Connor,94.0,71.81944444444444,0.0,1.0,71.65972222222223,0.0,1.0,NaN,NaN,0.0,NaN,NaN,0.0,0,1
Phil Schmitt,94.0,72.81944444444444,0.0,1.0,70.65972222222223,0.0,1.0,NaN,NaN,0.0,NaN,NaN,0.0,0,1
Steve Schneiter,106.14285714285714,74.54128402754326,3.9042294403001634,7.0,71.59251170972088,2.5893920213030857,7.0,69.64383561643835,0.0,1.0,73.41095890410959,0.0,1.0,1654,7
Jay Reynolds,117.33333333333333,73.85049019607844,0.7278034696348419,3.0,71.76021241830065,2.0325390529794842,3.0,NaN,NaN,0.0,NaN,NaN,0.0,0,3
Jerry Smith,94.66666666666667,72.91746540486652,0.8186484133985933,6.0,71.78192518039229,3.259861476352179,6.0,70.1304347826087,0.0,1.0,74.89855072463769,0.0,1.0,3367,6
Chris Stroud,73.0,72.65709753209752,1.5406761806122946,3.0,71.49626993376994,2.2469098479795573,3.0,67.18181818181819,0.0,1.0,70.57575757575758,0.0,1.0,16250,3
Craig Bowden,120.0,76.81944444444444,0.0,1.0,68.65972222222223,0.0,1.0,NaN,NaN,0.0,NaN,NaN,0.0,0,1
Bubba Dickerson,90.42857142857143,73.67539383441617,1.9723492556317823,7.0,71.24598217402135,1.9365520622558605,7.0,67.34722222222223,0.0,1.0,70.41666666666667,0.0,1.0,12150,7
Gavin Coles,125.0,68.81944444444444,0.0,1.0,77.65972222222223,0.0,1.0,NaN,NaN,0.0,NaN,NaN,0.0,0,1
Fernando Meohereffe,125.0,73.81944444444444,0.0,1.0,72.65972222222223,0.0,1.0,NaN,NaN,0.0,NaN,NaN,0.0,0,1
Craig Perks,125.0,72.81944444444444,0.0,1.0,73.65972222222223,0.0,1.0,NaN,NaN,0.0,NaN,NaN,0.0,0,1
Marco Dawson,91.75,72.38705391830392,2.840105970267772,4.0,71.27925373237873,2.495750353298242,4.0,73.59837177747626,0.4165535956580726,2.0,72.27295341474446,0.302804161013114,2.0,4100,4
Andres Gonzales,97.5,72.6875,0.13194444444444287,2.0,71.87888071895425,2.780841503267979,2.0,NaN,NaN,0.0,NaN,NaN,0.0,0,2
Brendon de Jonge,100.0,74.73082034756926,2.723298010472083,5.0,70.97690395262937,2.915180839828681,5.0,72.34722222222223,0.0,1.0,73.41666666666667,0.0,1.0,1770,5
Brandon Aydlett,140.0,75.81944444444444,0.0,1.0,75.65972222222223,0.0,1.0,NaN,NaN,0.0,NaN,NaN,0.0,0,1
David Lee,142.0,77.81944444444444,0.0,1.0,74.65972222222223,0.0,1.0,NaN,NaN,0.0,NaN,NaN,0.0,0,1
Derek Sanders,142.0,74.81944444444444,0.0,1.0,77.65972222222223,0.0,1.0,NaN,NaN,0.0,NaN,NaN,0.0,0,1
Theo Sliman,144.0,74.81944444444444,0.0,1.0,79.65972222222223,0.0,1.0,NaN,NaN,0.0,NaN,NaN,0.0,0,1
Arjun Atwal,48.4375,71.4924164185375,2.3606053609982713,16.0,70.07168882548508,2.6239289218262196,16.0,69.82120792728084,2.470037154526188,11.0,70.50902333203915,2.6460655437814444,11.0,101824,16
Steve Friesen,55.285714285714285,72.1935158535944,2.114449962829556,7.0,69.22853072745696,2.740664278185201,7.0,71.24769277474195,2.950011152073155,3.0,74.45611718275653,2.6061226146740575,3.0,20153,7
Dan Forsman,58.0,71.61448648316916,0.8540560330282072,3.0,70.56244438307404,0.4089599366584052,3.0,68.08196721311475,0.0,1.0,72.06557377049181,0.0,1.0,6771,3
David Berganio Jr.,33.0,70.35012013056752,1.9856079758646703,3.0,70.92808963107223,2.4416699995161983,3.0,72.2618415084559,2.1898815258106517,3.0,70.25725537628603,1.5603801445816612,3.0,11839,3
Ryan Yip,31.0,67.64084507042253,0.0,1.0,70.1056338028169,0.0,1.0,75.08196721311475,0.0,1.0,71.06557377049181,0.0,1.0,3688,1
Scott Anderson,52.5,69.13563992651561,0.5052051439069132,2.0,71.34267197387221,0.7629618289446825,2.0,74.49098360655738,0.4090163934426272,2.0,72.59707259953163,1.531498829039812,2.0,4412,2
Jason Anthony,59.0,73.64084507042253,0.0,1.0,67.1056338028169,0.0,1.0,77.08196721311475,0.0,1.0,73.06557377049181,0.0,1.0,0,1
John Ellis,95.33333333333333,73.39014220000136,0.9007303056755395,3.0,71.41637585465257,2.486501646552493,3.0,NaN,NaN,0.0,NaN,NaN,0.0,0,3
Joel Kribel,109.0,74.65375586854461,0.9870892018779287,2.0,71.108372456964,3.002738654147109,2.0,NaN,NaN,0.0,NaN,NaN,0.0,0,2
Tjaart Van der Walt,58.1,70.71740160941981,2.557720807520391,20.0,71.291531959513,1.8349046783199985,20.0,70.8476021375124,1.8825966829689855,11.0,70.04095878320187,1.9315098345167474,11.0,135226,20
Trevor Dodds,105.72727272727273,73.9759683835696,2.95930128972762,11.0,73.45949734397273,3.0742144852080484,11.0,72.57103174603174,3.956746031746029,2.0,75.58710317460317,0.8156746031745996,2.0,2909,11
Steve Collins,73.6,74.23836236426185,1.6198066501207815,5.0,69.1791354909763,1.6272393889330128,5.0,72.07103174603174,0.4567460317460288,2.0,72.08710317460317,0.6843253968254004,2.0,4663,5
Isaac Jimison,108.5,72.64395194697596,1.0031068765534386,2.0,73.29464696676793,1.8109868360489685,2.0,NaN,NaN,0.0,NaN,NaN,0.0,0,2
Bobby Schultze,103.0,74.64084507042253,0.0,1.0,72.1056338028169,0.0,1.0,NaN,NaN,0.0,NaN,NaN,0.0,0,1
Jason Hartwick,111.0,77.64084507042253,0.0,1.0,70.1056338028169,0.0,1.0,NaN,NaN,0.0,NaN,NaN,0.0,0,1
Joel Edwards,115.0,74.02303064967535,0.8736140641870258,7.0,73.75098701993605,2.6037872490665754,7.0,72.1304347826087,0.0,1.0,73.89855072463769,0.0,1.0,1488,7
Tommy Barber,123.0,75.30743552222425,0.6665904518017243,2.0,74.07554417413573,2.030089628681175,2.0,NaN,NaN,0.0,NaN,NaN,0.0,0,2
Todd Barranger,125.83333333333333,75.62516823684814,1.6555534432958694,6.0,76.07281575245332,4.488213916927935,6.0,NaN,NaN,0.0,NaN,NaN,0.0,0,6
Robin Freeman,100.35714285714286,73.1602156199092,3.556180892893868,14.0,72.80191916721245,2.9093677608660466,14.0,74.63297446514838,2.4147186791931987,5.0,72.49214630779849,1.6983476994361808,5.0,12187,14
Mike Springer,114.75,75.4882453588194,0.7946330425404176,4.0,73.84429147972354,4.723197263923175,4.0,NaN,NaN,0.0,NaN,NaN,0.0,0,4
Gary Hallberg,86.5,71.09066938617966,1.8177864141436846,10.0,72.65433335930291,2.649490170844755,10.0,73.13059163059162,0.05122655122655573,2.0,74.30375180375181,2.2720057720057696,2.0,4080,10
Andrew Medley,128.0,76.64084507042253,0.0,1.0,75.1056338028169,0.0,1.0,NaN,NaN,0.0,NaN,NaN,0.0,0,1
Jim Gallagher Jr.,103.2,74.10987358237922,2.252449682691093,5.0,72.85710674735523,3.526173885019058,5.0,76.59701492537313,0.0,1.0,72.02985074626865,0.0,1.0,1508,5
Steve Pellegrine,134.0,77.64084507042253,0.0,1.0,76.1056338028169,0.0,1.0,NaN,NaN,0.0,NaN,NaN,0.0,0,1
Kenny Ebalo,104.5,76.14395194697596,3.4968931234465614,2.0,72.29464696676793,2.8109868360489685,2.0,NaN,NaN,0.0,NaN,NaN,0.0,0,2
Dave Rummells,88.1,71.04118685347625,3.3632024783301224,10.0,73.33687044789065,4.24354952196441,10.0,71.988573007976,2.9508363277983585,3.0,70.92444128563533,2.833000193615943,3.0,12353,10
Paul Wightman,139.0,82.64084507042253,0.0,1.0,73.1056338028169,0.0,1.0,NaN,NaN,0.0,NaN,NaN,0.0,0,1
Tom Gillis,45.75,71.01676944886317,0.99864891211844,4.0,72.19369021303686,7.559300339557286,4.0,67.2886045461388,0.729013357521671,3.0,72.21061267499624,1.2726334994652768,3.0,32976,4
Scott Gutschewski,34.75,69.3365552233002,3.736905688284089,4.0,71.08579968689028,2.585178899414718,4.0,68.07785872226171,1.3834173404956416,3.0,69.71941483060887,1.0431035111742828,3.0,50670,4
John Merrick,11.0,67.8076923076923,0.0,1.0,72.66025641025641,0.0,1.0,70.87142857142857,0.0,1.0,67.77142857142857,0.0,1.0,14400,1
Stephen Allan,13.0,73.8076923076923,0.0,1.0,65.66025641025641,0.0,1.0,68.87142857142857,0.0,1.0,71.77142857142857,0.0,1.0,10286,1
Paul Dickinson,71.33333333333333,71.08902481957402,5.864920951330724,3.0,70.6457783254122,1.3675802321952386,3.0,71.87142857142857,0.0,1.0,75.77142857142857,0.0,1.0,10286,3
John Huston,26.0,64.8076923076923,0.0,1.0,71.66025641025641,0.0,1.0,71.87142857142857,0.0,1.0,73.77142857142857,0.0,1.0,4920,1
Randy Leen,62.0,69.6023194362889,0.7946271285965949,2.0,71.31486102955569,2.6546046192992776,2.0,72.87142857142857,0.0,1.0,72.77142857142857,0.0,1.0,4080,2
Scott Parel,61.36363636363637,70.45257620739973,2.8940444519406943,22.0,70.8822085081859,2.7834721905720308,22.0,71.41894243789623,1.9014317780491004,12.0,72.0415034064359,2.7087433670969014,12.0,85216,22
Michael Putnam,50.0,72.8076923076923,0.0,1.0,69.66025641025641,0.0,1.0,71.87142857142857,0.0,1.0,71.77142857142857,0.0,1.0,2070,1
Josh Broadaway,79.7,72.60561102096821,3.1620244805284283,20.0,70.4339889816778,2.7222580190105563,20.0,72.69824739673004,1.475256566047582,9.0,72.71199136968444,3.45305043635982,9.0,28701,20
Denis Watson,53.5,67.15221216691805,1.6554801407742588,2.0,73.4347033685269,0.22555304172951196,2.0,74.78571428571428,0.9142857142857181,2.0,73.26071428571429,1.5107142857142861,2.0,3480,2
David Gossett,113.5,72.96378967213457,2.791202537165015,6.0,74.1797255366558,2.5857087726410173,6.0,72.87142857142857,0.0,1.0,78.77142857142857,0.0,1.0,1620,6
Jeff Hull,67.0,66.8076923076923,0.0,1.0,74.66025641025641,0.0,1.0,75.87142857142857,0.0,1.0,75.77142857142857,0.0,1.0,1575,1
Neal Lancaster,41.0,70.76152159969692,1.0951750499573067,5.0,69.2709673938238,2.406612665829495,5.0,71.91227455794619,1.3666251677755556,5.0,73.61731214059571,4.615556455997354,5.0,17375,5
Garrett Clegg,80.63636363636364,72.04453106189769,3.5376157499591403,11.0,71.39666671079587,2.456719342562583,11.0,73.69523809523808,2.5553554096918223,3.0,72.92967032967033,3.5754925314100188,3.0,5117,11
Tim Weinhart,71.625,70.49876717001413,2.3946089550555376,8.0,71.76669183325238,1.9467331924853013,8.0,73.50749942489072,1.8404741391653583,3.0,73.15983436853001,1.2539823299814297,3.0,7347,8
Alex Cejka,81.0,67.8076923076923,0.0,1.0,76.66025641025641,0.0,1.0,NaN,NaN,0.0,NaN,NaN,0.0,0,1
Michael Sim,47.5,72.93652589240824,0.8711664152840582,2.0,70.58503016591251,0.07522624434388803,2.0,70.52173913043478,0.0,1.0,67.1304347826087,0.0,1.0,10200,2
David Peoples,101.5,73.81831983805668,0.9893724696356259,2.0,72.67881241565452,2.0185560053981106,2.0,NaN,NaN,0.0,NaN,NaN,0.0,0,2
Sonny Skinner,87.0,72.77496855055456,1.1839057776711437,4.0,71.99148308170945,0.7675870583141947,4.0,NaN,NaN,0.0,NaN,NaN,0.0,0,4
Robert Damron,83.0,71.71132791232537,3.0031556282953007,4.0,73.33967851616408,0.6790122194134388,4.0,69.13333333333334,0.0,1.0,65.9,0.0,1.0,20000,4
Chris Dixon,115.0,73.8076923076923,0.0,1.0,73.66025641025641,0.0,1.0,NaN,NaN,0.0,NaN,NaN,0.0,0,1
Paul Gow,113.66666666666667,71.4833249539132,1.656791482684809,3.0,74.26608848667672,2.4390675089930824,3.0,NaN,NaN,0.0,NaN,NaN,0.0,0,3
Cristo Greyling,115.0,72.8076923076923,0.0,1.0,74.66025641025641,0.0,1.0,NaN,NaN,0.0,NaN,NaN,0.0,0,1
Travis Perkins,129.5,73.43652589240824,0.37116641528405836,2.0,76.08503016591251,2.424773755656112,2.0,NaN,NaN,0.0,NaN,NaN,0.0,0,2
Luke Hart,128.0,74.8076923076923,0.0,1.0,73.66025641025641,0.0,1.0,NaN,NaN,0.0,NaN,NaN,0.0,0,1
Kenny Knox,104.5,71.31831983805668,2.489372469635626,2.0,75.17881241565452,0.48144399460188936,2.0,NaN,NaN,0.0,NaN,NaN,0.0,0,2
Tommy Tolles,64.86666666666666,70.56376114668257,2.9428243522947617,15.0,72.76630559412641,2.6816610151016347,15.0,68.40869412864946,2.188063302244727,5.0,70.11798251183004,3.3428052176846537,5.0,79881,15
Mark Wiebe,85.72727272727273,71.62970899587377,3.7802867752423133,11.0,72.3283175103175,3.57221181888666,11.0,71.58557903125067,2.189246833929093,5.0,70.91912588240946,1.8285896018472465,5.0,20536,11
Mike Haack,143.0,78.8076923076923,0.0,1.0,71.66025641025641,0.0,1.0,NaN,NaN,0.0,NaN,NaN,0.0,0,1
Bill Glasson,114.66666666666667,73.65395036953865,4.109239085154083,9.0,74.15586199125595,2.9020822161713884,9.0,72.90625,0.0,1.0,74.0625,0.0,1.0,1463,9
Blaine McCallister,103.2,74.14723193828054,3.03697381427272,5.0,72.22820193446792,1.344763276614443,5.0,NaN,NaN,0.0,NaN,NaN,0.0,0,5
Steve Wheatcroft,128.25,73.5865552233002,2.122478570612352,4.0,74.58579968689028,2.1018515231857697,4.0,NaN,NaN,0.0,NaN,NaN,0.0,0,4
Blake Adams,78.46666666666667,71.17888569940189,2.8626183881783978,15.0,72.23285678204648,2.9920151965427007,15.0,71.83352092352092,1.8411992208272112,5.0,70.67709235209234,0.6610991109247182,5.0,23270,15
Brian Quackenbush,52.5,70.94518466840962,4.130306147337754,6.0,70.04124179192513,2.6929215523033516,6.0,72.7613184079602,3.445009893007096,4.0,70.85000000000001,0.898816392073889,4.0,20355,6
Jeff Street,87.0,68.25222202858139,1.423274660160331,2.0,76.30563785291042,1.6082694318577921,2.0,74.13333333333334,0.0,1.0,70.9,0.0,1.0,1815,2
Matt Peterson,56.0,67.82894736842105,0.0,1.0,72.69736842105263,0.0,1.0,75.13333333333334,0.0,1.0,74.9,0.0,1.0,1563,1
Brad Stormon,61.0,74.82894736842105,0.0,1.0,67.69736842105263,0.0,1.0,NaN,NaN,0.0,NaN,NaN,0.0,0,1
Jason Dillard,74.0,74.82894736842105,0.0,1.0,68.69736842105263,0.0,1.0,NaN,NaN,0.0,NaN,NaN,0.0,0,1
Brian Unk,95.33333333333333,72.77601656221388,2.181860294870598,12.0,71.93561779354764,3.1500744967166394,12.0,73.89159756771697,1.922937026281241,3.0,72.44645818526415,1.3152379858983714,3.0,5977,12
Chip Beck,85.0,75.82894736842105,0.0,1.0,68.69736842105263,0.0,1.0,NaN,NaN,0.0,NaN,NaN,0.0,0,1
Matt Davidson,96.0,68.82894736842105,0.0,1.0,76.69736842105263,0.0,1.0,NaN,NaN,0.0,NaN,NaN,0.0,0,1
Greg Lee,96.0,74.82894736842105,0.0,1.0,70.69736842105263,0.0,1.0,NaN,NaN,0.0,NaN,NaN,0.0,0,1
Chris Devlin,105.0,77.82894736842105,0.0,1.0,68.69736842105263,0.0,1.0,NaN,NaN,0.0,NaN,NaN,0.0,0,1
Brett Bingham,79.5,70.7185031937814,2.0840593688568236,10.0,71.64385530508467,2.439190824026258,10.0,72.52945819556462,1.5270079712023428,5.0,74.7824263259273,1.0813744748317324,5.0,7815,10
Josh Bunch,120.0,73.82894736842105,0.0,1.0,74.69736842105263,0.0,1.0,NaN,NaN,0.0,NaN,NaN,0.0,0,1
Steve Gilley,142.0,76.82894736842105,0.0,1.0,74.69736842105263,0.0,1.0,NaN,NaN,0.0,NaN,NaN,0.0,0,1
Clark Spratlin,142.0,73.82894736842105,0.0,1.0,77.69736842105263,0.0,1.0,NaN,NaN,0.0,NaN,NaN,0.0,0,1
Charlie Rymer,151.0,88.82894736842105,0.0,1.0,88.69736842105263,0.0,1.0,NaN,NaN,0.0,NaN,NaN,0.0,0,1
Jay Woodson,57.0,66.49673202614379,0.0,1.0,71.20915032679738,0.0,1.0,77.7,0.0,1.0,75.75,0.0,1.0,1418,1
Will Dodson,86.33333333333333,72.51453522742966,0.720825429586774,3.0,70.7647799905299,2.8772817016807872,3.0,NaN,NaN,0.0,NaN,NaN,0.0,0,3
David Schuster,61.0,71.49673202614379,0.0,1.0,71.20915032679738,0.0,1.0,NaN,NaN,0.0,NaN,NaN,0.0,0,1
Chip Sullivan,86.5,72.281045751634,1.7843137254902004,2.0,72.359477124183,0.8496732026143761,2.0,NaN,NaN,0.0,NaN,NaN,0.0,0,2
G.W. Cable,88.0,71.49673202614379,0.0,1.0,73.20915032679738,0.0,1.0,NaN,NaN,0.0,NaN,NaN,0.0,0,1
Rich Morris,54.44444444444444,70.84380281898945,2.8226583311514144,9.0,71.57918099728519,1.9330085038596583,9.0,67.92886002886002,2.24458331071463,4.0,69.62056277056277,1.69260206607757,4.0,26097,9
Pete Jordan,91.0,72.0494086407936,1.718814052268018,7.0,72.19839090523973,2.940121858514572,7.0,70.61428571428571,0.0,1.0,70.77142857142857,0.0,1.0,4000,7
Matt Abbott,125.0,74.94683929551465,1.4501072693708537,2.0,74.58930798782617,0.38015766102878956,2.0,NaN,NaN,0.0,NaN,NaN,0.0,0,2
Jordan Dempsey,146.0,76.49673202614379,0.0,1.0,76.20915032679738,0.0,1.0,NaN,NaN,0.0,NaN,NaN,0.0,0,1
Denny Lucas,147.0,75.49673202614379,0.0,1.0,78.20915032679738,0.0,1.0,NaN,NaN,0.0,NaN,NaN,0.0,0,1
Joe Monte,148.0,82.49673202614379,0.0,1.0,74.20915032679738,0.0,1.0,NaN,NaN,0.0,NaN,NaN,0.0,0,1
Nick Ondrako,150.0,79.49673202614379,0.0,1.0,81.20915032679738,0.0,1.0,NaN,NaN,0.0,NaN,NaN,0.0,0,1
T.W. Pulliam,152.0,84.49673202614379,0.0,1.0,78.20915032679738,0.0,1.0,NaN,NaN,0.0,NaN,NaN,0.0,0,1
Ralph Reahard,153.0,89.49673202614379,0.0,1.0,90.20915032679738,0.0,1.0,NaN,NaN,0.0,NaN,NaN,0.0,0,1
Brad Weesner,71.0,70.93407014441497,2.5346927932127916,3.0,69.50391001080656,2.5236934918427782,3.0,74.27135157545605,2.2564262023217196,2.0,72.68646351575455,2.716314262023211,2.0,3234,3
Boyd Summerhays,69.4375,70.0974984452277,1.68338477406264,16.0,71.78780629574449,2.3725988074474715,16.0,71.26061026111964,3.078168999651016,10.0,72.35699450266826,1.7088929980602736,10.0,30641,16
Mark Brooks,52.5,68.81749379652607,0.24057071960297804,2.0,69.62377998345741,1.0044251447477208,2.0,72.1304347826087,0.0,1.0,75.89855072463769,0.0,1.0,2400,2
Franklin Hatchett,95.25,72.82539279839033,2.324893480099538,8.0,71.77235417863012,1.5582222245159556,8.0,72.9093732354602,0.7789384528514915,2.0,75.54667795972145,1.3518727649162443,2.0,2610,8
Tim Graves,120.0,74.62179487179488,3.0448717948717956,2.0,71.36965811965811,1.741452991452995,2.0,NaN,NaN,0.0,NaN,NaN,0.0,0,2
John Ray Leary,93.0,71.57692307692308,0.0,1.0,69.62820512820512,0.0,1.0,NaN,NaN,0.0,NaN,NaN,0.0,0,1
Travis Hurst,101.0,68.57692307692308,0.0,1.0,73.62820512820512,0.0,1.0,NaN,NaN,0.0,NaN,NaN,0.0,0,1
Taylor Leon,101.0,71.57692307692308,0.0,1.0,70.62820512820512,0.0,1.0,NaN,NaN,0.0,NaN,NaN,0.0,0,1
Cody Freeman,97.0,71.56777188328913,1.9908488063660457,2.0,72.2003094606543,1.4278956675508354,2.0,NaN,NaN,0.0,NaN,NaN,0.0,0,2
Stephen Gangluff,72.57894736842105,70.91521280470883,1.9221175386924998,19.0,72.33201208252959,3.2051022391765867,19.0,69.86122037823536,1.7781780172683441,9.0,71.65152407376536,2.7785434816759707,9.0,52113,19
Brian Vranesh,92.18181818181819,72.72664784868853,2.007656885127027,11.0,71.20327603240308,2.5436060949690917,11.0,71.07936507936508,0.0,1.0,70.03174603174604,0.0,1.0,3360,11
A.J. Elgert,127.0,74.57692307692308,0.0,1.0,69.62820512820512,0.0,1.0,NaN,NaN,0.0,NaN,NaN,0.0,0,1
Tim Fleming,99.0,72.62179487179488,0.9551282051282044,2.0,70.36965811965811,0.25854700854700496,2.0,NaN,NaN,0.0,NaN,NaN,0.0,0,2
Jason Hill,104.28571428571429,73.31148868013182,3.898616743675374,7.0,72.67897131049163,2.3680672259841455,7.0,72.61428571428571,0.0,1.0,74.77142857142857,0.0,1.0,1275,7
Mike Sposa,91.88888888888889,71.81579289337628,2.4930420016377304,9.0,72.19149599337902,1.5878580208736848,9.0,74.48068783068783,2.0281367094847615,3.0,72.89140211640212,2.3389195524005393,3.0,5995,9
Drew Laning,142.0,72.57692307692308,0.0,1.0,73.62820512820512,0.0,1.0,NaN,NaN,0.0,NaN,NaN,0.0,0,1
Grant Masson,152.0,76.57692307692308,0.0,1.0,73.62820512820512,0.0,1.0,NaN,NaN,0.0,NaN,NaN,0.0,0,1
Tim Zimmerebner,156.0,75.57692307692308,0.0,1.0,77.62820512820512,0.0,1.0,NaN,NaN,0.0,NaN,NaN,0.0,0,1
Kris Blanks,44.857142857142854,70.609717246154,2.5064120671094345,14.0,70.15672330845106,2.393397113989123,14.0,71.38528493598476,3.1134021432004806,9.0,69.90759815152312,2.9098729602132964,9.0,90831,14
Jeff Curl,55.0,70.21051349752558,4.358872130929313,3.0,70.78095745141324,2.368362782238094,3.0,70.21399456521739,0.3077445652173907,2.0,71.59646739130434,0.4660326086956488,2.0,8342,3
Todd Vernon,41.0,71.06535947712419,0.0,1.0,71.50980392156863,0.0,1.0,71.52173913043478,0.0,1.0,72.1304347826087,0.0,1.0,2451,1
Billy Hurley III,52.0,70.06535947712419,0.0,1.0,71.50980392156863,0.0,1.0,74.52173913043478,0.0,1.0,72.1304347826087,0.0,1.0,1980,1
Brent Delahoussaye,94.6,72.1783859064446,1.7688868722472693,5.0,74.56837712715478,4.362997616901687,5.0,72.55937702790396,0.9623621025308253,2.0,73.58014276443868,3.550292018170026,2.0,5663,5
Pat Bates,83.58823529411765,71.88258251579796,2.821832876401212,17.0,72.1192038046621,2.455207517001775,17.0,72.7647496866261,2.1302155115716865,7.0,71.22621343130709,2.276508330018755,7.0,16819,17
Stuart Deane,71.0,72.06535947712419,0.0,1.0,71.50980392156863,0.0,1.0,NaN,NaN,0.0,NaN,NaN,0.0,0,1
Geoffrey Sisk,88.0,71.06535947712419,0.0,1.0,73.50980392156863,0.0,1.0,NaN,NaN,0.0,NaN,NaN,0.0,0,1
Benjamin Hayes,110.0,75.06535947712419,0.0,1.0,71.50980392156863,0.0,1.0,NaN,NaN,0.0,NaN,NaN,0.0,0,1
Casey Wittenberg,110.0,70.06535947712419,0.0,1.0,76.50980392156863,0.0,1.0,NaN,NaN,0.0,NaN,NaN,0.0,0,1
John Limanti,125.0,75.06535947712419,0.0,1.0,72.50980392156863,0.0,1.0,NaN,NaN,0.0,NaN,NaN,0.0,0,1
Mark Evenson,137.0,75.06535947712419,0.0,1.0,74.50980392156863,0.0,1.0,NaN,NaN,0.0,NaN,NaN,0.0,0,1
Fernando Mechereffe,110.0,73.59296342650535,0.4723960506188334,2.0,73.70880267000418,1.8010012515644576,2.0,NaN,NaN,0.0,NaN,NaN,0.0,0,2
Kyle Stough,137.0,75.06535947712419,0.0,1.0,74.50980392156863,0.0,1.0,NaN,NaN,0.0,NaN,NaN,0.0,0,1
Del Ponchock,142.0,77.06535947712419,0.0,1.0,73.50980392156863,0.0,1.0,NaN,NaN,0.0,NaN,NaN,0.0,0,1
Colby Myers,150.0,77.06535947712419,0.0,1.0,76.50980392156863,0.0,1.0,NaN,NaN,0.0,NaN,NaN,0.0,0,1
Scott Griffin,151.0,79.06535947712419,0.0,1.0,76.50980392156863,0.0,1.0,NaN,NaN,0.0,NaN,NaN,0.0,0,1
John T. O'Leary,151.0,78.06535947712419,0.0,1.0,77.50980392156863,0.0,1.0,NaN,NaN,0.0,NaN,NaN,0.0,0,1
Justin Smith,51.90909090909091,70.75761879312716,1.8148324584149698,11.0,70.42703881829304,4.346592544558095,11.0,71.8817896759128,1.677163239876687,9.0,71.55948573492107,2.431671448945236,9.0,30654,11
Rich Barcelo,69.5,70.49560733384263,3.151451489686778,2.0,73.82624564977507,0.342585519056108,2.0,68.18181818181819,0.0,1.0,69.57575757575758,0.0,1.0,16250,2
Kevin Stadler,18.0,70.34415584415585,0.0,1.0,68.16883116883118,0.0,1.0,72.18181818181819,0.0,1.0,69.57575757575758,0.0,1.0,8533,1
Keoke Cotner,53.78947368421053,71.02776099223155,3.269280701385166,19.0,70.30988317578269,3.3807169315153764,19.0,71.83445045059051,2.1715074545646034,14.0,71.06779275597623,2.346285307525743,14.0,85386,19
Mike Small,30.0,68.34415584415585,0.0,1.0,70.16883116883118,0.0,1.0,73.18181818181819,0.0,1.0,70.57575757575758,0.0,1.0,5025,1
Robert Gamez,43.0,68.34415584415585,0.0,1.0,72.16883116883118,0.0,1.0,74.18181818181819,0.0,1.0,70.57575757575758,0.0,1.0,2981,1
Paul Sheehan,47.0,68.34415584415585,0.0,1.0,73.16883116883118,0.0,1.0,71.18181818181819,0.0,1.0,73.57575757575758,0.0,1.0,2630,1
Kelly Grunewald,50.1,70.50967056166759,3.1571473258253033,20.0,70.01421441381896,2.396252095569593,20.0,71.66683188055559,2.162546823227093,11.0,70.76433697561741,2.607293493288544,11.0,130461,20
Chris Parra,58.0,73.34415584415585,0.0,1.0,68.16883116883118,0.0,1.0,76.18181818181819,0.0,1.0,70.57575757575758,0.0,1.0,2269,1
Guy Sciortino,62.0,70.34415584415585,0.0,1.0,70.16883116883118,0.0,1.0,77.18181818181819,0.0,1.0,71.57575757575758,0.0,1.0,2175,1
Tom Kalinowski,67.0,71.34415584415585,0.0,1.0,71.16883116883118,0.0,1.0,NaN,NaN,0.0,NaN,NaN,0.0,0,1
Akio Sadakata,78.0,72.34415584415585,0.0,1.0,71.16883116883118,0.0,1.0,NaN,NaN,0.0,NaN,NaN,0.0,0,1
Dave Schultz,98.0,71.62273581681477,0.7214200273410825,2.0,72.86731032125769,1.6984791524265148,2.0,NaN,NaN,0.0,NaN,NaN,0.0,0,2
Alex Coe,89.0,77.34415584415585,0.0,1.0,67.16883116883118,0.0,1.0,NaN,NaN,0.0,NaN,NaN,0.0,0,1
Dillon Dougherty,128.5,75.70111018014245,1.3569543359865932,2.0,74.39409300377042,2.2252618349392534,2.0,NaN,NaN,0.0,NaN,NaN,0.0,0,2
Miles Maillet,104.0,70.34415584415585,0.0,1.0,76.16883116883118,0.0,1.0,NaN,NaN,0.0,NaN,NaN,0.0,0,1
Ryan Vermeer,110.5,74.35848983237749,1.8235977661599683,4.0,71.97115353439047,1.6587864726783927,4.0,NaN,NaN,0.0,NaN,NaN,0.0,0,4
Rolf Muntz,121.0,72.34415584415585,0.0,1.0,76.16883116883118,0.0,1.0,NaN,NaN,0.0,NaN,NaN,0.0,0,1
Kevin Hall,123.0,74.48729531338228,0.14313946922642629,2.0,74.87427065687936,2.294560511951822,2.0,NaN,NaN,0.0,NaN,NaN,0.0,0,2
Josh Habig,147.0,77.34415584415585,0.0,1.0,76.16883116883118,0.0,1.0,NaN,NaN,0.0,NaN,NaN,0.0,0,1
Jason Lee,148.0,75.34415584415585,0.0,1.0,80.16883116883118,0.0,1.0,NaN,NaN,0.0,NaN,NaN,0.0,0,1
Warren Pineo,149.0,76.50541125541126,1.8387445887445892,2.0,78.13997113997115,0.9711399711399693,2.0,NaN,NaN,0.0,NaN,NaN,0.0,0,2
Jake Roos,142.0,75.16545540552164,1.1787004386342161,2.0,78.1936871075944,0.975144061236783,2.0,NaN,NaN,0.0,NaN,NaN,0.0,0,2
Michael Lyzun,151.0,77.34415584415585,0.0,1.0,79.16883116883118,0.0,1.0,NaN,NaN,0.0,NaN,NaN,0.0,0,1
Jeff Wood,83.05882352941177,70.63631179448869,2.9046075447554824,17.0,73.15914570096204,4.047588861039719,17.0,73.16280681332928,2.941515114507206,6.0,70.84194366038625,2.5434352570483854,6.0,28407,17
Dino Lucchesi,155.0,83.34415584415585,0.0,1.0,78.16883116883118,0.0,1.0,NaN,NaN,0.0,NaN,NaN,0.0,0,1
Tommy Biershenk,30.125,70.44727517178347,1.7943921911367071,8.0,69.48695873242146,2.027807878980445,8.0,71.30014500450673,2.894524643910152,7.0,70.75678955422113,1.5157913196161523,7.0,51538,8
Lee Williams,53.4,70.67541114555986,2.743552524783314,15.0,70.44853718551495,2.8087133652398752,15.0,70.83298205995314,2.562154973002369,10.0,71.16362739978588,2.8918220739770932,10.0,53900,15
Scott Weatherly,70.5,70.47275511763381,2.967283033801576,14.0,72.02837761251985,2.5371640638355166,14.0,71.30935175935176,1.5014631471735542,5.0,71.11685538475861,2.9411147964018958,5.0,26433,14
Tony Parrish,46.0,66.67549668874172,0.0,1.0,70.91390728476821,0.0,1.0,71.77777777777777,0.0,1.0,73.80952380952381,0.0,1.0,1607,1
Jesse Mueller,79.5,70.34736505411537,1.5183416977504485,6.0,72.22945254289291,3.449547171174374,6.0,72.23304473304472,1.455266955266957,2.0,74.5021645021645,0.6926406926406941,2.0,3369,6
Jeff Gallagher,109.8,73.42203287013326,2.1208123468964404,5.0,72.26625214238058,3.7303314215630974,5.0,73.77777777777777,0.0,1.0,74.80952380952381,0.0,1.0,1384,5
Zoran Zorkic,82.77777777777777,73.06573905601353,2.9504035614997335,18.0,70.59549717616888,2.273332946803267,18.0,72.58510895397906,2.554793966874859,8.0,72.43483570790679,4.8235656146508665,8.0,48412,18
Scott Usher,61.0,68.67549668874172,0.0,1.0,70.91390728476821,0.0,1.0,72.77777777777777,0.0,1.0,74.80952380952381,0.0,1.0,1305,1
Gregg Jones,62.5,70.83112582781456,1.8443708609271496,2.0,70.56622516556291,2.6523178807946977,2.0,NaN,NaN,0.0,NaN,NaN,0.0,0,2
Dan Olsen,91.4,73.02203287013326,2.1945549854050164,5.0,71.06625214238059,1.4601791201035519,5.0,NaN,NaN,0.0,NaN,NaN,0.0,0,5
Justin Hicks,66.35714285714286,70.23939897771912,2.363372171478982,14.0,71.8672906236721,3.2204895368389184,14.0,72.90259577176555,1.9108370828683496,8.0,70.43078727346452,2.563270624969623,8.0,74022,14
Mark Walker,78.66666666666667,70.83524669002334,3.6082244077382906,6.0,71.3161750309312,2.7001689825845796,6.0,71.57103174603174,0.9567460317460288,2.0,74.08710317460317,1.6843253968254004,2.0,6991,6
Burke Cromer,87.0,73.67549668874172,0.0,1.0,68.91390728476821,0.0,1.0,NaN,NaN,0.0,NaN,NaN,0.0,0,1
Ron Philo Jr.,87.0,67.67549668874172,0.0,1.0,74.91390728476821,0.0,1.0,NaN,NaN,0.0,NaN,NaN,0.0,0,1
Tyler Williamson,88.22222222222223,72.67259383693067,1.5216325107409536,9.0,71.61989872120691,2.861097910720851,9.0,73.0286661928453,4.568348732527838,2.0,75.79718343765046,3.232667308618197,2.0,3741,9
Jason Buha,106.66666666666667,74.199359111301,0.8106980950302413,3.0,71.12184006266467,0.8585484427517531,3.0,NaN,NaN,0.0,NaN,NaN,0.0,0,3
Joe Lanza,106.0,72.67549668874172,0.0,1.0,71.91390728476821,0.0,1.0,NaN,NaN,0.0,NaN,NaN,0.0,0,1
Mike Townsend,106.0,70.67549668874172,0.0,1.0,73.91390728476821,0.0,1.0,NaN,NaN,0.0,NaN,NaN,0.0,0,1
Emlyn Aubrey,81.77777777777777,71.62160189368775,2.511571748832691,9.0,72.282696132784,2.655310735391768,9.0,73.03951000690131,2.0572111735798657,3.0,73.9552815438159,1.85948712348379,3.0,9621,9
Sam Brazel,114.0,73.67549668874172,0.0,1.0,71.91390728476821,0.0,1.0,NaN,NaN,0.0,NaN,NaN,0.0,0,1
Tyrone Van Aswegen,79.5,71.32476133138385,1.6492646426421302,2.0,73.47968091511137,3.434226369656834,2.0,66.68831168831169,0.0,1.0,75.1948051948052,0.0,1.0,2185,2
Chris Botsford,113.5,73.86383533879759,1.61663531760469,6.0,72.22849930187344,1.7677459604460104,6.0,NaN,NaN,0.0,NaN,NaN,0.0,0,6
Jamie Broce,77.85714285714286,70.9768229885057,3.2162593963963064,7.0,72.87205954019028,1.9425841592125535,7.0,73.07103174603174,1.4567460317460288,2.0,69.08710317460317,1.6843253968254004,2.0,4124,7
Kyle McCarthy,103.05882352941177,73.30267373799282,3.9027290391666756,17.0,72.91581843110271,3.5965169261561236,17.0,72.13485153597094,0.9427774697101764,3.0,70.67034451398919,2.8338037978975117,3.0,56549,17
Henry Zaytoun,128.0,72.67549668874172,0.0,1.0,74.91390728476821,0.0,1.0,NaN,NaN,0.0,NaN,NaN,0.0,0,1
Jonathan Fricke,127.5,71.64647317658563,1.970976487843906,2.0,77.39990666251833,2.514000622249881,2.0,NaN,NaN,0.0,NaN,NaN,0.0,0,2
Warren Schutte,91.6,74.2860505301774,1.743332714227026,5.0,71.6877385294299,3.364309682782499,5.0,73.36372485399092,3.766709928617786,2.0,72.46420073545318,0.4343499891845184,2.0,4479,5
Mike Way,136.0,73.67549668874172,0.0,1.0,75.91390728476821,0.0,1.0,NaN,NaN,0.0,NaN,NaN,0.0,0,1
Marshall Pickett,140.0,74.67549668874172,0.0,1.0,75.91390728476821,0.0,1.0,NaN,NaN,0.0,NaN,NaN,0.0,0,1
Cory Schneider,140.0,76.67549668874172,0.0,1.0,73.91390728476821,0.0,1.0,NaN,NaN,0.0,NaN,NaN,0.0,0,1
Eric Booker,134.33333333333334,78.30026134835452,1.711701414411866,3.0,71.59914406299426,2.4400441338382475,3.0,NaN,NaN,0.0,NaN,NaN,0.0,0,3
Jamie Lovemark,48.0,69.84424964936886,0.7861851332398331,2.0,72.59953249181861,2.9801776531089246,2.0,73.1304347826087,0.0,1.0,64.89855072463769,0.0,1.0,0,2
Fabian Gomez,50.1875,71.21848880861674,2.268800501250656,16.0,70.40428290560524,2.2332608099373514,16.0,71.11202010366195,2.516178711856097,9.0,69.53152308249574,2.0782346882458524,9.0,108026,16
Don Berry,37.0,70.05806451612904,0.0,1.0,70.61935483870968,0.0,1.0,75.1304347826087,0.0,1.0,69.89855072463769,0.0,1.0,2400,1
Michael Harris,37.0,73.05806451612904,0.0,1.0,69.61935483870968,0.0,1.0,71.1304347826087,0.0,1.0,71.89855072463769,0.0,1.0,2400,1
Chris Swanepoel,90.0,71.37255572171189,1.2142694980489845,3.0,72.95921099480168,2.3168115773324107,3.0,69.1304347826087,0.0,1.0,75.89855072463769,0.0,1.0,1806,3
Kane Hanson,67.66666666666667,72.49373377827216,2.1207536310991775,3.0,70.07467556544309,1.298594079774338,3.0,77.07936507936508,0.0,1.0,70.03174603174604,0.0,1.0,1601,3
Nick Jones,105.0,70.89651096263448,1.4276386162708519,3.0,74.81050124371696,0.8938034219729668,3.0,NaN,NaN,0.0,NaN,NaN,0.0,0,3
Wil Collins,76.25,71.0682764489497,2.1107302758327346,4.0,70.944978888556,2.0191672706270603,4.0,72.24242424242425,0.0,1.0,69.51515151515152,0.0,1.0,7280,4
John Elliott,102.0,73.30834260289211,2.2502780867630676,2.0,73.19588431590657,1.4234705228031146,2.0,NaN,NaN,0.0,NaN,NaN,0.0,0,2
Ross Hamann,99.0,75.05806451612904,0.0,1.0,70.61935483870968,0.0,1.0,NaN,NaN,0.0,NaN,NaN,0.0,0,1
Ben Meyers,99.0,70.05806451612904,0.0,1.0,75.61935483870968,0.0,1.0,NaN,NaN,0.0,NaN,NaN,0.0,0,1
Troy Kelly,77.0,69.58560019905158,2.1798357148737737,5.0,73.84213735209363,1.547285801419569,5.0,71.57103174603174,0.04325396825397121,2.0,72.08710317460317,4.3156746031746,2.0,5696,5
Andy Morse,86.33333333333333,71.5490331910927,1.4056834681838415,6.0,72.36224669059204,2.51786806863971,6.0,73.07103174603174,3.456746031746029,2.0,72.58710317460317,3.8156746031745996,2.0,5515,6
Matt Anderson,127.0,74.05806451612904,0.0,1.0,73.61935483870968,0.0,1.0,NaN,NaN,0.0,NaN,NaN,0.0,0,1
Nolan Henke,132.0,74.60866691548115,0.8395819424716204,4.0,75.1043383567837,1.2627881301239694,4.0,NaN,NaN,0.0,NaN,NaN,0.0,0,4
Chris Starkjohann,127.0,75.05806451612904,0.0,1.0,72.61935483870968,0.0,1.0,NaN,NaN,0.0,NaN,NaN,0.0,0,1
Jeff Sorenson,136.0,76.05806451612904,0.0,1.0,72.61935483870968,0.0,1.0,NaN,NaN,0.0,NaN,NaN,0.0,0,1
Thomas Aiken,87.55555555555556,73.3813051107147,2.565567436923639,9.0,70.99552278829232,1.410362771886903,9.0,71.27103479715419,2.5117835037574627,3.0,70.20914457295055,0.7615634827971552,3.0,13993,9
Mark Baldwin,149.0,79.05806451612904,0.0,1.0,73.61935483870968,0.0,1.0,NaN,NaN,0.0,NaN,NaN,0.0,0,1
Ian Hessels,149.0,78.05806451612904,0.0,1.0,74.61935483870968,0.0,1.0,NaN,NaN,0.0,NaN,NaN,0.0,0,1
Shawn Wills,149.0,77.05806451612904,0.0,1.0,75.61935483870968,0.0,1.0,NaN,NaN,0.0,NaN,NaN,0.0,0,1
Shad Muth,104.0,74.0160452450775,4.0420192710515295,2.0,74.83240469208212,1.786950146627568,2.0,68.68831168831169,0.0,1.0,76.1948051948052,0.0,1.0,1496,2
Brad Quiri,59.0,66.15131578947368,0.0,1.0,69.91447368421052,0.0,1.0,77.59701492537313,0.0,1.0,76.02985074626865,0.0,1.0,1425,1
Glen Hnatiuk,90.33333333333333,72.12553438193184,1.8282968041094867,3.0,72.59933286280837,2.728580052978118,3.0,79.61428571428571,0.0,1.0,68.77142857142857,0.0,1.0,1250,3
Tim Turpen,69.0,73.15131578947368,0.0,1.0,69.91447368421052,0.0,1.0,NaN,NaN,0.0,NaN,NaN,0.0,0,1
Ronnie Black,69.5,71.03091195132099,2.428884239156008,4.0,71.94672760655313,0.8065447308750565,4.0,70.77906066536204,2.1352250489236795,2.0,70.2697651663405,1.858806262230921,2.0,11328,4
Chip Deason,90.0,71.15131578947368,0.0,1.0,73.91447368421052,0.0,1.0,NaN,NaN,0.0,NaN,NaN,0.0,0,1
Scott Stallings,90.0,77.15131578947368,0.0,1.0,67.91447368421052,0.0,1.0,NaN,NaN,0.0,NaN,NaN,0.0,0,1
Johan Kok,123.0,74.8843827269516,1.7330669374779222,2.0,74.90018986223949,1.9857161780289658,2.0,NaN,NaN,0.0,NaN,NaN,0.0,0,2
Bradley Long,132.0,72.15131578947368,0.0,1.0,76.91447368421052,0.0,1.0,NaN,NaN,0.0,NaN,NaN,0.0,0,1
Drew Nelson,140.0,75.15131578947368,0.0,1.0,75.91447368421052,0.0,1.0,NaN,NaN,0.0,NaN,NaN,0.0,0,1
Chris Stacy,142.0,71.15131578947368,0.0,1.0,80.91447368421052,0.0,1.0,NaN,NaN,0.0,NaN,NaN,0.0,0,1
Stephen Woodard,145.0,77.15131578947368,0.0,1.0,76.91447368421052,0.0,1.0,NaN,NaN,0.0,NaN,NaN,0.0,0,1
Rafe Corder,148.0,79.15131578947368,0.0,1.0,77.91447368421052,0.0,1.0,NaN,NaN,0.0,NaN,NaN,0.0,0,1
Buddy Harston,148.0,80.15131578947368,0.0,1.0,76.91447368421052,0.0,1.0,NaN,NaN,0.0,NaN,NaN,0.0,0,1
Thomas Smith,152.0,79.15131578947368,0.0,1.0,80.91447368421052,0.0,1.0,NaN,NaN,0.0,NaN,NaN,0.0,0,1
Larry Rinker,153.0,84.15131578947368,0.0,1.0,88.91447368421052,0.0,1.0,NaN,NaN,0.0,NaN,NaN,0.0,0,1
Alex Aragon,81.0,72.98675496688742,0.0,1.0,71.21854304635761,0.0,1.0,NaN,NaN,0.0,NaN,NaN,0.0,0,1
Kirk Stauffer,110.0,73.02980132450331,4.043046357615893,2.0,72.62913907284768,2.5894039735099312,2.0,NaN,NaN,0.0,NaN,NaN,0.0,0,2
Kyle Monfort,75.5,74.42563554795984,0.5611194189275821,2.0,68.52540055543687,1.6931424909207422,2.0,NaN,NaN,0.0,NaN,NaN,0.0,0,2
Jeff Bell,123.0,76.80210231565847,2.8153473487710556,2.0,75.05222454331303,2.833681496955421,2.0,NaN,NaN,0.0,NaN,NaN,0.0,0,2
Brendan Flood,124.0,74.98675496688742,0.0,1.0,74.21854304635761,0.0,1.0,NaN,NaN,0.0,NaN,NaN,0.0,0,1
Tim Fries,136.0,78.98675496688742,0.0,1.0,72.21854304635761,0.0,1.0,NaN,NaN,0.0,NaN,NaN,0.0,0,1
Ryan Swanson,136.0,72.98675496688742,0.0,1.0,78.21854304635761,0.0,1.0,NaN,NaN,0.0,NaN,NaN,0.0,0,1
Rob Horak,125.0,74.52980132450331,4.456953642384107,2.0,75.12913907284768,3.0894039735099312,2.0,NaN,NaN,0.0,NaN,NaN,0.0,0,2
Dan Rush,150.0,78.98675496688742,0.0,1.0,78.21854304635761,0.0,1.0,NaN,NaN,0.0,NaN,NaN,0.0,0,1
Drew Mayhew,152.0,79.98675496688742,0.0,1.0,80.21854304635761,0.0,1.0,NaN,NaN,0.0,NaN,NaN,0.0,0,1
Clark Dennis,44.0,70.86451612903225,0.0,1.0,67.83225806451613,0.0,1.0,72.07936507936508,0.0,1.0,72.03174603174604,0.0,1.0,1995,1
Jason Kokrak,44.0,72.86451612903225,0.0,1.0,65.83225806451613,0.0,1.0,71.07936507936508,0.0,1.0,73.03174603174604,0.0,1.0,0,1
Daniel Augustine,75.0,69.86451612903225,0.0,1.0,71.83225806451613,0.0,1.0,NaN,NaN,0.0,NaN,NaN,0.0,0,1
Tommy Gainey,59.333333333333336,70.4610938609785,1.5824329679917148,3.0,71.09465119282292,2.9701932989198925,3.0,70.24242424242425,0.0,1.0,67.51515151515152,0.0,1.0,17550,3
Josh McCumber,87.33333333333333,74.84790139819131,1.7495248021888357,3.0,69.17082442535309,1.8827292625379362,3.0,75.52777777777777,0.0,1.0,75.40277777777777,0.0,1.0,1432,3
Jin Park,49.666666666666664,69.47749952839087,0.4153527642731557,3.0,70.16971954977048,3.349972272099125,3.0,70.42835497835497,1.1859307359307323,2.0,70.14329004329005,1.6281385281385283,2.0,20750,3
Bob Sowards,92.33333333333333,71.3708001920235,1.6769526039836007,3.0,73.43262474990404,1.365983147395029,3.0,NaN,NaN,0.0,NaN,NaN,0.0,0,3
Kyle Weisenburger,127.0,75.86451612903225,0.0,1.0,70.83225806451613,0.0,1.0,NaN,NaN,0.0,NaN,NaN,0.0,0,1
Dwayne Randall,132.0,74.86451612903225,0.0,1.0,72.83225806451613,0.0,1.0,NaN,NaN,0.0,NaN,NaN,0.0,0,1
Rob Moss,147.0,76.86451612903225,0.0,1.0,73.83225806451613,0.0,1.0,NaN,NaN,0.0,NaN,NaN,0.0,0,1
Scott Draper,123.0,74.40327255726976,0.46124357176250186,2.0,76.0030855539972,3.82917251051893,2.0,NaN,NaN,0.0,NaN,NaN,0.0,0,2
Jason Swinhart,152.0,77.86451612903225,0.0,1.0,76.83225806451613,0.0,1.0,NaN,NaN,0.0,NaN,NaN,0.0,0,1
Tyler Leon,126.5,78.25578747628083,5.608728652751424,2.0,72.65795909761755,1.1742989668985828,2.0,NaN,NaN,0.0,NaN,NaN,0.0,0,2
John Denholm,155.0,83.86451612903225,0.0,1.0,79.83225806451613,0.0,1.0,NaN,NaN,0.0,NaN,NaN,0.0,0,1
Daniel Summerhays,41.61538461538461,69.79860519705059,2.680663914508244,13.0,69.24933321482366,2.8962555580922533,13.0,71.51695396844057,1.9094875628488004,11.0,70.71706290753262,2.9643747489699996,11.0,46928,13
Dustin Johnson,50.0,73.6304347826087,0.0,1.0,69.57971014492753,0.0,1.0,75.9,0.0,1.0,68.12857142857143,0.0,1.0,0,1
Chris Kirk,71.0,74.6304347826087,0.0,1.0,69.57971014492753,0.0,1.0,NaN,NaN,0.0,NaN,NaN,0.0,0,1
Brendon Todd,83.0,74.6304347826087,0.0,1.0,70.57971014492753,0.0,1.0,NaN,NaN,0.0,NaN,NaN,0.0,0,1
Dawie Van Der Walt,83.0,70.6304347826087,0.0,1.0,74.57971014492753,0.0,1.0,NaN,NaN,0.0,NaN,NaN,0.0,0,1
Billy Horschel,94.0,70.6304347826087,0.0,1.0,75.57971014492753,0.0,1.0,NaN,NaN,0.0,NaN,NaN,0.0,0,1
Niklas Lemke,125.0,74.6304347826087,0.0,1.0,75.57971014492753,0.0,1.0,NaN,NaN,0.0,NaN,NaN,0.0,0,1
Craigen Pappas,138.0,78.6304347826087,0.0,1.0,90.57971014492753,0.0,1.0,NaN,NaN,0.0,NaN,NaN,0.0,0,1
Jeff Hart,51.333333333333336,70.98442327082073,0.766336293384017,3.0,70.71051220004034,0.7249248456608859,3.0,68.52777777777777,0.0,1.0,71.40277777777777,0.0,1.0,4948,3
Brian Guetz,44.0,68.88063321013065,3.1078663123949695,4.0,71.6049794321764,1.1412511748675072,4.0,69.2499185999186,0.7644217897159976,3.0,73.20788563288563,1.5001221722427036,3.0,24091,4
Ron Streck,73.0,73.55862068965517,0.0,1.0,70.77241379310345,0.0,1.0,NaN,NaN,0.0,NaN,NaN,0.0,0,1
Todd Laney,88.0,74.55862068965517,0.0,1.0,70.77241379310345,0.0,1.0,NaN,NaN,0.0,NaN,NaN,0.0,0,1
Dennis Paulson,53.0,71.81573418588718,3.742886503767984,2.0,69.4060744462206,1.366339346882853,2.0,66.4090909090909,0.0,1.0,68.77272727272727,0.0,1.0,16200,2
Blake Graham,105.0,73.55862068965517,0.0,1.0,73.77241379310345,0.0,1.0,NaN,NaN,0.0,NaN,NaN,0.0,0,1
Bryant MacKellar,105.0,75.55862068965517,0.0,1.0,71.77241379310345,0.0,1.0,NaN,NaN,0.0,NaN,NaN,0.0,0,1
Sean Murphy,115.0,71.55862068965517,0.0,1.0,76.77241379310345,0.0,1.0,NaN,NaN,0.0,NaN,NaN,0.0,0,1
Sam Randolph,131.5,71.61264367816092,4.05402298850575,2.0,78.44176245210728,2.3306513409961696,2.0,NaN,NaN,0.0,NaN,NaN,0.0,0,2
P.H. Horgan III,127.0,73.55862068965517,0.0,1.0,75.77241379310345,0.0,1.0,NaN,NaN,0.0,NaN,NaN,0.0,0,1
Berry Henson,138.0,74.55862068965517,0.0,1.0,76.77241379310345,0.0,1.0,NaN,NaN,0.0,NaN,NaN,0.0,0,1
Steve Holmes,138.0,75.55862068965517,0.0,1.0,75.77241379310345,0.0,1.0,NaN,NaN,0.0,NaN,NaN,0.0,0,1
Mark Baker,143.0,76.55862068965517,0.0,1.0,76.77241379310345,0.0,1.0,NaN,NaN,0.0,NaN,NaN,0.0,0,1
Mike Boring,143.0,76.55862068965517,0.0,1.0,76.77241379310345,0.0,1.0,NaN,NaN,0.0,NaN,NaN,0.0,0,1
Matt Seitz,145.0,78.55862068965517,0.0,1.0,75.77241379310345,0.0,1.0,NaN,NaN,0.0,NaN,NaN,0.0,0,1
Michael Walton,18.0,68.78399122807018,0.11732456140350678,2.0,66.83845029239765,1.2726608187134545,2.0,69.42835497835497,2.8140692640692677,2.0,73.14329004329005,0.6281385281385283,2.0,14404,2
Justin Herron,67.0,73.90131578947368,0.0,1.0,67.5657894736842,0.0,1.0,NaN,NaN,0.0,NaN,NaN,0.0,0,1
Adam Meyer,65.85714285714286,71.12415903993129,2.9203896768659874,7.0,72.73909082330789,2.66362988383014,7.0,67.25714285714285,1.3428571428571416,2.0,69.68736263736264,1.441208791208794,2.0,21600,7
Brady Schnell,67.0,67.90131578947368,0.0,1.0,73.5657894736842,0.0,1.0,NaN,NaN,0.0,NaN,NaN,0.0,0,1
Chris Galeski,83.0,67.90131578947368,0.0,1.0,74.5657894736842,0.0,1.0,NaN,NaN,0.0,NaN,NaN,0.0,0,1
Martin Flores,98.0,71.90131578947368,0.0,1.0,71.5657894736842,0.0,1.0,NaN,NaN,0.0,NaN,NaN,0.0,0,1
Doug Ferris,106.0,74.90131578947368,0.0,1.0,69.5657894736842,0.0,1.0,NaN,NaN,0.0,NaN,NaN,0.0,0,1
Jim White,137.0,71.90131578947368,0.0,1.0,75.5657894736842,0.0,1.0,NaN,NaN,0.0,NaN,NaN,0.0,0,1
Mike Schuchart,145.0,76.90131578947368,0.0,1.0,72.5657894736842,0.0,1.0,NaN,NaN,0.0,NaN,NaN,0.0,0,1
Troy Martin,152.0,76.90131578947368,0.0,1.0,79.5657894736842,0.0,1.0,NaN,NaN,0.0,NaN,NaN,0.0,0,1
Andrew Dresser,50.8,72.76486466411495,6.34604879549088,5.0,69.77510802590103,3.6424538681851364,5.0,71.0692122113997,1.8527020528528186,4.0,69.75583062770563,3.5038389950087687,4.0,25020,5
Mike Lavery,30.0,71.66666666666667,0.0,1.0,69.11111111111111,0.0,1.0,69.61428571428571,0.0,1.0,69.77142857142857,0.0,1.0,3200,1
Ryan Baca,41.0,70.66666666666667,0.0,1.0,69.11111111111111,0.0,1.0,70.61428571428571,0.0,1.0,71.77142857142857,0.0,1.0,2043,1
Scott Abbott,71.0,72.66666666666667,0.0,1.0,69.11111111111111,0.0,1.0,NaN,NaN,0.0,NaN,NaN,0.0,0,1
Rob Oppenheim,71.0,71.66666666666667,0.0,1.0,70.11111111111111,0.0,1.0,NaN,NaN,0.0,NaN,NaN,0.0,0,1
Ted F. Smith,83.0,68.36975717439293,1.296909492273734,2.0,72.57542310522443,1.5356880058866835,2.0,73.4090909090909,0.0,1.0,68.77272727272727,0.0,1.0,1890,2
Mike Wendling,111.0,74.66666666666667,0.0,1.0,69.11111111111111,0.0,1.0,NaN,NaN,0.0,NaN,NaN,0.0,0,1
Kevin Durkin,128.0,73.66666666666667,0.0,1.0,72.11111111111111,0.0,1.0,NaN,NaN,0.0,NaN,NaN,0.0,0,1
Greg Bray,152.0,77.66666666666667,0.0,1.0,80.11111111111111,0.0,1.0,NaN,NaN,0.0,NaN,NaN,0.0,0,1
Christopher Ichelson,153.0,78.66666666666667,0.0,1.0,82.11111111111111,0.0,1.0,NaN,NaN,0.0,NaN,NaN,0.0,0,1
Steve Dartnall,30.0,67.49333333333334,0.0,1.0,71.79333333333334,0.0,1.0,70.90625,0.0,1.0,69.0625,0.0,1.0,3100,1
Mark Leon,43.0,71.49333333333334,0.0,1.0,66.79333333333334,0.0,1.0,69.90625,0.0,1.0,73.0625,0.0,1.0,2017,1
Brian T. Prouty,91.0,70.49333333333334,0.0,1.0,72.79333333333334,0.0,1.0,NaN,NaN,0.0,NaN,NaN,0.0,0,1
Jim Renner,91.0,70.49333333333334,0.0,1.0,72.79333333333334,0.0,1.0,NaN,NaN,0.0,NaN,NaN,0.0,0,1
Byron Smith,57.666666666666664,69.80417508417509,1.3215026743535299,3.0,70.82626171214406,2.331220059670481,3.0,71.09114857744994,2.4473129610115905,2.0,71.35163329820864,1.059325605900952,2.0,5081,3
Kevin Haefner,125.0,75.28309050772627,0.21024282560706808,2.0,71.41653421633555,2.6232008830022053,2.0,NaN,NaN,0.0,NaN,NaN,0.0,0,2
Tyler Brewington,117.0,74.49333333333334,0.0,1.0,71.79333333333334,0.0,1.0,NaN,NaN,0.0,NaN,NaN,0.0,0,1
Scott Ford,130.0,75.49333333333334,0.0,1.0,72.79333333333334,0.0,1.0,NaN,NaN,0.0,NaN,NaN,0.0,0,1
Travis Deibert,134.0,73.49333333333334,0.0,1.0,75.79333333333334,0.0,1.0,NaN,NaN,0.0,NaN,NaN,0.0,0,1
Robert Hamilton,134.0,74.49333333333334,0.0,1.0,74.79333333333334,0.0,1.0,NaN,NaN,0.0,NaN,NaN,0.0,0,1
John Pillar,134.0,74.49333333333334,0.0,1.0,74.79333333333334,0.0,1.0,NaN,NaN,0.0,NaN,NaN,0.0,0,1
Alex Knoll,142.0,76.49333333333334,0.0,1.0,74.79333333333334,0.0,1.0,NaN,NaN,0.0,NaN,NaN,0.0,0,1
Matt Loving,142.0,75.49333333333334,0.0,1.0,75.79333333333334,0.0,1.0,NaN,NaN,0.0,NaN,NaN,0.0,0,1
Greg Pieczynski,142.0,76.49333333333334,0.0,1.0,74.79333333333334,0.0,1.0,NaN,NaN,0.0,NaN,NaN,0.0,0,1
Vince Ramagli,142.0,75.49333333333334,0.0,1.0,75.79333333333334,0.0,1.0,NaN,NaN,0.0,NaN,NaN,0.0,0,1
Matt Harmon,60.0,68.0728476821192,0.0,1.0,70.03973509933775,0.0,1.0,74.4090909090909,0.0,1.0,68.77272727272727,0.0,1.0,1755,1
Andrew Parr,80.0,71.0728476821192,0.0,1.0,69.03973509933775,0.0,1.0,NaN,NaN,0.0,NaN,NaN,0.0,0,1
Adam Condello,113.0,73.0728476821192,0.0,1.0,71.03973509933775,0.0,1.0,NaN,NaN,0.0,NaN,NaN,0.0,0,1
Bjorn Widerstedt,113.0,73.0728476821192,0.0,1.0,71.03973509933775,0.0,1.0,NaN,NaN,0.0,NaN,NaN,0.0,0,1
Eli Zackheim,113.0,76.0728476821192,0.0,1.0,68.03973509933775,0.0,1.0,NaN,NaN,0.0,NaN,NaN,0.0,0,1
Andrew DiBitetto,139.0,75.0728476821192,0.0,1.0,72.03973509933775,0.0,1.0,NaN,NaN,0.0,NaN,NaN,0.0,0,1
Todd Tanner,143.0,78.0728476821192,0.0,1.0,70.03973509933775,0.0,1.0,NaN,NaN,0.0,NaN,NaN,0.0,0,1
Mike Sweazy,150.0,72.0728476821192,0.0,1.0,82.03973509933775,0.0,1.0,NaN,NaN,0.0,NaN,NaN,0.0,0,1
Parker McLachlin,4.0,62.61744966442953,0.0,1.0,67.88590604026845,0.0,1.0,68.34722222222223,0.0,1.0,77.41666666666667,0.0,1.0,26400,1
Mark Maness,16.0,72.61744966442953,0.0,1.0,67.88590604026845,0.0,1.0,69.34722222222223,0.0,1.0,70.41666666666667,0.0,1.0,8145,1
Brad Gibson,71.5,71.77973932496839,0.8377103394611396,2.0,71.02990954187337,0.1440035016049066,2.0,78.91428571428571,0.0,1.0,78.12857142857143,0.0,1.0,1188,2
David Bradshaw,86.0,74.61744966442953,0.0,1.0,69.88590604026845,0.0,1.0,NaN,NaN,0.0,NaN,NaN,0.0,0,1
Jamie Neher,86.0,71.61744966442953,0.0,1.0,72.88590604026845,0.0,1.0,NaN,NaN,0.0,NaN,NaN,0.0,0,1
Jeremy Pope,86.0,69.61744966442953,0.0,1.0,74.88590604026845,0.0,1.0,NaN,NaN,0.0,NaN,NaN,0.0,0,1
Scott Piercy,112.0,74.61744966442953,0.0,1.0,72.88590604026845,0.0,1.0,NaN,NaN,0.0,NaN,NaN,0.0,0,1
Andrew Ruthkoski,119.0,75.61744966442953,0.0,1.0,72.88590604026845,0.0,1.0,NaN,NaN,0.0,NaN,NaN,0.0,0,1
Barry O'Neil,126.0,74.61744966442953,0.0,1.0,74.88590604026845,0.0,1.0,NaN,NaN,0.0,NaN,NaN,0.0,0,1
Ryan Sikora,131.0,70.61744966442953,0.0,1.0,79.88590604026845,0.0,1.0,NaN,NaN,0.0,NaN,NaN,0.0,0,1
John Aber,139.0,77.61744966442953,0.0,1.0,75.88590604026845,0.0,1.0,NaN,NaN,0.0,NaN,NaN,0.0,0,1
Ty Roush,144.0,75.61744966442953,0.0,1.0,79.88590604026845,0.0,1.0,NaN,NaN,0.0,NaN,NaN,0.0,0,1
Ken Lacy,149.0,82.61744966442953,0.0,1.0,83.88590604026845,0.0,1.0,NaN,NaN,0.0,NaN,NaN,0.0,0,1
Mark Hensby,3.0,67.6470588235294,0.0,1.0,67.48366013071896,0.0,1.0,69.6,0.0,1.0,68.24615384615385,0.0,1.0,29000,1
Glen Day,44.0,68.6470588235294,0.0,1.0,70.48366013071896,0.0,1.0,71.6,0.0,1.0,71.24615384615385,0.0,1.0,1879,1
Barry Schenk,65.0,72.6470588235294,0.0,1.0,66.48366013071896,0.0,1.0,75.6,0.0,1.0,75.24615384615385,0.0,1.0,1375,1
Jay Don Blake,99.0,73.3105423987777,2.6634835752482857,2.0,71.76455733808675,0.28089720736779356,2.0,NaN,NaN,0.0,NaN,NaN,0.0,0,2
Gary Woodland,73.0,71.10130718954248,0.4542483660130756,2.0,70.29084967320262,2.1928104575163445,2.0,73.53846153846153,0.0,1.0,73.29230769230769,0.0,1.0,2076,2
Matt Call,99.0,73.6470588235294,0.0,1.0,70.48366013071896,0.0,1.0,NaN,NaN,0.0,NaN,NaN,0.0,0,1
Ryan Ellis,126.0,74.6470588235294,0.0,1.0,71.48366013071896,0.0,1.0,NaN,NaN,0.0,NaN,NaN,0.0,0,1
Mark Owen,126.0,73.6470588235294,0.0,1.0,72.48366013071896,0.0,1.0,NaN,NaN,0.0,NaN,NaN,0.0,0,1
Michael Maness,130.0,73.6470588235294,0.0,1.0,73.48366013071896,0.0,1.0,NaN,NaN,0.0,NaN,NaN,0.0,0,1
Michael Nicoletti,136.0,74.6470588235294,0.0,1.0,73.48366013071896,0.0,1.0,NaN,NaN,0.0,NaN,NaN,0.0,0,1
Will Dottley,143.0,75.6470588235294,0.0,1.0,73.48366013071896,0.0,1.0,NaN,NaN,0.0,NaN,NaN,0.0,0,1
Tony Finau,145.0,74.6470588235294,0.0,1.0,75.48366013071896,0.0,1.0,NaN,NaN,0.0,NaN,NaN,0.0,0,1
Kury Reynolds,151.0,75.6470588235294,0.0,1.0,76.48366013071896,0.0,1.0,NaN,NaN,0.0,NaN,NaN,0.0,0,1
Gipper Finau,152.0,74.6470588235294,0.0,1.0,81.48366013071896,0.0,1.0,NaN,NaN,0.0,NaN,NaN,0.0,0,1
John Hayes,153.0,79.6470588235294,0.0,1.0,85.48366013071896,0.0,1.0,NaN,NaN,0.0,NaN,NaN,0.0,0,1
Alex Prugh,65.0,65.97402597402598,0.0,1.0,72.04545454545455,0.0,1.0,76.68831168831169,0.0,1.0,75.1948051948052,0.0,1.0,1294,1
Scott Harrington,77.0,73.97402597402598,0.0,1.0,69.04545454545455,0.0,1.0,74.68831168831169,0.0,1.0,79.1948051948052,0.0,1.0,1021,1
Liam Kendregan,78.0,70.97402597402598,0.0,1.0,73.04545454545455,0.0,1.0,NaN,NaN,0.0,NaN,NaN,0.0,0,1
Ryan Malby,78.0,75.97402597402598,0.0,1.0,68.04545454545455,0.0,1.0,NaN,NaN,0.0,NaN,NaN,0.0,0,1
Tom Johnson,92.0,74.97402597402598,0.0,1.0,70.04545454545455,0.0,1.0,NaN,NaN,0.0,NaN,NaN,0.0,0,1
Luke List,75.5,74.04729667495624,1.0732707009302729,2.0,70.47662798194713,2.5688265635074146,2.0,71.3076923076923,0.0,1.0,74.0923076923077,0.0,1.0,1654,2
Taylor Wood,104.0,71.97402597402598,0.0,1.0,74.04545454545455,0.0,1.0,NaN,NaN,0.0,NaN,NaN,0.0,0,1
Brian Thornton,134.0,73.97402597402598,0.0,1.0,75.04545454545455,0.0,1.0,NaN,NaN,0.0,NaN,NaN,0.0,0,1
Jonathan Moore,120.0,72.54729667495624,0.4267292990697271,2.0,75.97662798194713,2.0688265635074146,2.0,NaN,NaN,0.0,NaN,NaN,0.0,0,2
J.J. Jakovac,146.0,72.97402597402598,0.0,1.0,79.04545454545455,0.0,1.0,NaN,NaN,0.0,NaN,NaN,0.0,0,1
Sean McDonagh,147.0,73.97402597402598,0.0,1.0,79.04545454545455,0.0,1.0,NaN,NaN,0.0,NaN,NaN,0.0,0,1
Gary Davis,153.0,83.97402597402598,0.0,1.0,75.04545454545455,0.0,1.0,NaN,NaN,0.0,NaN,NaN,0.0,0,1
Andy Bare,54.5,74.45959595959596,2.9040404040404013,2.0,66.34272590154943,0.755313314136842,2.0,68.53846153846153,0.0,1.0,72.29230769230769,0.0,1.0,5670,2
John M. Kelly,62.0,67.97625106022053,1.4206955046649696,2.0,74.03375243227062,0.9357132165843467,2.0,69.53846153846153,0.0,1.0,71.29230769230769,0.0,1.0,4365,2
Kevin Kim,66.0,70.55555555555556,0.0,1.0,71.09803921568627,0.0,1.0,NaN,NaN,0.0,NaN,NaN,0.0,0,1
John Robertson,66.0,71.55555555555556,0.0,1.0,70.09803921568627,0.0,1.0,NaN,NaN,0.0,NaN,NaN,0.0,0,1
Bill Lunde,81.0,69.55555555555556,0.0,1.0,73.09803921568627,0.0,1.0,NaN,NaN,0.0,NaN,NaN,0.0,0,1
Tadd Fujikawa,86.0,70.47625106022053,1.0793044953350304,2.0,73.03375243227062,0.9357132165843467,2.0,NaN,NaN,0.0,NaN,NaN,0.0,0,2
Ron Harvey Jr.,96.0,74.55555555555556,0.0,1.0,69.09803921568627,0.0,1.0,NaN,NaN,0.0,NaN,NaN,0.0,0,1
Ryan Camp,108.0,70.55555555555556,0.0,1.0,74.09803921568627,0.0,1.0,NaN,NaN,0.0,NaN,NaN,0.0,0,1
David Lebeck,125.0,72.55555555555556,0.0,1.0,73.09803921568627,0.0,1.0,NaN,NaN,0.0,NaN,NaN,0.0,0,1
Tom Anderson,131.0,76.55555555555556,0.0,1.0,70.09803921568627,0.0,1.0,NaN,NaN,0.0,NaN,NaN,0.0,0,1
Mike Sica,131.0,72.55555555555556,0.0,1.0,74.09803921568627,0.0,1.0,NaN,NaN,0.0,NaN,NaN,0.0,0,1
Henry Liaw,142.0,73.55555555555556,0.0,1.0,75.09803921568627,0.0,1.0,NaN,NaN,0.0,NaN,NaN,0.0,0,1
Jim Empey,144.0,77.55555555555556,0.0,1.0,72.09803921568627,0.0,1.0,NaN,NaN,0.0,NaN,NaN,0.0,0,1
Adam Martens,151.0,77.55555555555556,0.0,1.0,74.09803921568627,0.0,1.0,NaN,NaN,0.0,NaN,NaN,0.0,0,1
Edward McGlasson,151.0,77.55555555555556,0.0,1.0,74.09803921568627,0.0,1.0,NaN,NaN,0.0,NaN,NaN,0.0,0,1
John Lepak,35.0,68.36363636363636,0.0,1.0,71.58741258741259,0.0,1.0,69.64383561643835,0.0,1.0,70.41095890410959,0.0,1.0,2678,1
Zack Miller,74.0,70.36363636363636,0.0,1.0,71.58741258741259,0.0,1.0,NaN,NaN,0.0,NaN,NaN,0.0,0,1
Dong Yi,84.0,72.36363636363636,0.0,1.0,70.58741258741259,0.0,1.0,NaN,NaN,0.0,NaN,NaN,0.0,0,1
Travis Johnson,91.0,70.36363636363636,0.0,1.0,73.58741258741259,0.0,1.0,NaN,NaN,0.0,NaN,NaN,0.0,0,1
Richard H. Lee,91.0,75.36363636363636,0.0,1.0,68.58741258741259,0.0,1.0,NaN,NaN,0.0,NaN,NaN,0.0,0,1
Michael Szedlacsek,100.0,71.36363636363636,0.0,1.0,73.58741258741259,0.0,1.0,NaN,NaN,0.0,NaN,NaN,0.0,0,1
Kevin Streelman,105.0,72.36363636363636,0.0,1.0,73.58741258741259,0.0,1.0,NaN,NaN,0.0,NaN,NaN,0.0,0,1
Ajay Shah,115.0,72.36363636363636,0.0,1.0,74.58741258741259,0.0,1.0,NaN,NaN,0.0,NaN,NaN,0.0,0,1
Keith Clearwater,123.5,75.88029146426092,1.5166551006245683,2.0,72.77843911813378,1.8089734692788113,2.0,NaN,NaN,0.0,NaN,NaN,0.0,0,2
Nick Seymour,127.0,72.36363636363636,0.0,1.0,76.58741258741259,0.0,1.0,NaN,NaN,0.0,NaN,NaN,0.0,0,1
David Hutchens,132.0,75.36363636363636,0.0,1.0,74.58741258741259,0.0,1.0,NaN,NaN,0.0,NaN,NaN,0.0,0,1
James Oh,132.0,71.36363636363636,0.0,1.0,78.58741258741259,0.0,1.0,NaN,NaN,0.0,NaN,NaN,0.0,0,1
Jim Gormley,135.0,74.36363636363636,0.0,1.0,76.58741258741259,0.0,1.0,NaN,NaN,0.0,NaN,NaN,0.0,0,1
Erik Wolf,142.0,80.36363636363636,0.0,1.0,75.58741258741259,0.0,1.0,NaN,NaN,0.0,NaN,NaN,0.0,0,1
Kenny G.,143.0,77.36363636363636,0.0,1.0,80.58741258741259,0.0,1.0,NaN,NaN,0.0,NaN,NaN,0.0,0,1
Jaxon Brigman,27.0,73.94202898550725,0.0,1.0,67.17391304347827,0.0,1.0,71.91428571428571,0.0,1.0,69.12857142857143,0.0,1.0,3610,1
Steve Young,30.0,71.94202898550725,0.0,1.0,71.17391304347827,0.0,1.0,70.91428571428571,0.0,1.0,69.12857142857143,0.0,1.0,2993,1
Chris Cureton,103.0,75.94202898550725,0.0,1.0,71.17391304347827,0.0,1.0,NaN,NaN,0.0,NaN,NaN,0.0,0,1
Chris Wall,103.0,72.94202898550725,0.0,1.0,74.17391304347827,0.0,1.0,NaN,NaN,0.0,NaN,NaN,0.0,0,1
Blake Parks,112.0,74.94202898550725,0.0,1.0,73.17391304347827,0.0,1.0,NaN,NaN,0.0,NaN,NaN,0.0,0,1
Dean Larsson,124.0,74.94202898550725,0.0,1.0,75.17391304347827,0.0,1.0,NaN,NaN,0.0,NaN,NaN,0.0,0,1
Joshua Warthen,131.0,78.94202898550725,0.0,1.0,75.17391304347827,0.0,1.0,NaN,NaN,0.0,NaN,NaN,0.0,0,1
Alex Rodger,136.0,75.94202898550725,0.0,1.0,80.17391304347827,0.0,1.0,NaN,NaN,0.0,NaN,NaN,0.0,0,1
Judd Whiteman,138.0,78.94202898550725,0.0,1.0,81.17391304347827,0.0,1.0,NaN,NaN,0.0,NaN,NaN,0.0,0,1
Gibby Gilbert III,83.0,71.12056737588652,0.0,1.0,73.90780141843972,0.0,1.0,NaN,NaN,0.0,NaN,NaN,0.0,0,1
Chris Rogers,98.0,70.12056737588652,0.0,1.0,75.90780141843972,0.0,1.0,NaN,NaN,0.0,NaN,NaN,0.0,0,1
Mike Bennett,110.0,72.12056737588652,0.0,1.0,74.90780141843972,0.0,1.0,NaN,NaN,0.0,NaN,NaN,0.0,0,1
Jamie Frazier,121.0,74.12056737588652,0.0,1.0,73.90780141843972,0.0,1.0,NaN,NaN,0.0,NaN,NaN,0.0,0,1
Ian Parnaby,121.0,74.12056737588652,0.0,1.0,73.90780141843972,0.0,1.0,NaN,NaN,0.0,NaN,NaN,0.0,0,1
Audie Johnson,126.0,71.12056737588652,0.0,1.0,78.90780141843972,0.0,1.0,NaN,NaN,0.0,NaN,NaN,0.0,0,1
Scott Masters,129.0,77.12056737588652,0.0,1.0,73.90780141843972,0.0,1.0,NaN,NaN,0.0,NaN,NaN,0.0,0,1
John Powell,134.0,79.12056737588652,0.0,1.0,73.90780141843972,0.0,1.0,NaN,NaN,0.0,NaN,NaN,0.0,0,1
Dan Payton,140.0,82.12056737588652,0.0,1.0,73.90780141843972,0.0,1.0,NaN,NaN,0.0,NaN,NaN,0.0,0,1
Jeff Corr,10.0,70.3969465648855,0.0,1.0,65.96946564885496,0.0,1.0,69.46031746031746,0.0,1.0,71.56451612903226,0.0,1.0,12746,1
Alan Morin,49.0,70.3969465648855,0.0,1.0,69.96946564885496,0.0,1.0,72.46031746031746,0.0,1.0,71.56451612903226,0.0,1.0,2013,1
Bobby Clampett,76.0,71.3969465648855,0.0,1.0,71.96946564885496,0.0,1.0,NaN,NaN,0.0,NaN,NaN,0.0,0,1
Juan Weissenberg,76.0,74.3969465648855,0.0,1.0,68.96946564885496,0.0,1.0,NaN,NaN,0.0,NaN,NaN,0.0,0,1
John Balmer,96.0,73.3969465648855,0.0,1.0,70.96946564885496,0.0,1.0,NaN,NaN,0.0,NaN,NaN,0.0,0,1
Johan Etsebeth,96.0,73.3969465648855,0.0,1.0,70.96946564885496,0.0,1.0,NaN,NaN,0.0,NaN,NaN,0.0,0,1
Hoyt McGarity,96.0,75.3969465648855,0.0,1.0,68.96946564885496,0.0,1.0,NaN,NaN,0.0,NaN,NaN,0.0,0,1
Sun Kim,106.0,71.3969465648855,0.0,1.0,73.96946564885496,0.0,1.0,NaN,NaN,0.0,NaN,NaN,0.0,0,1
Scott Turner,106.0,72.3969465648855,0.0,1.0,72.96946564885496,0.0,1.0,NaN,NaN,0.0,NaN,NaN,0.0,0,1
Juan Lizarralde,111.0,73.3969465648855,0.0,1.0,72.96946564885496,0.0,1.0,NaN,NaN,0.0,NaN,NaN,0.0,0,1
Brian Ward,120.0,75.3969465648855,0.0,1.0,72.96946564885496,0.0,1.0,NaN,NaN,0.0,NaN,NaN,0.0,0,1
A.J. Walker,131.0,73.3969465648855,0.0,1.0,77.96946564885496,0.0,1.0,NaN,NaN,0.0,NaN,NaN,0.0,0,1
