Stuart Appleby,46.38095238095238,70.33922517731392,4.262785639152233,21.0,70.2557639251383,3.56632624692844,21.0,70.09385780036268,2.8918470837795156,16.0,71.40793134993348,2.4357920853600867,16.0,2098931,21
Jonathan Kaye,46.666666666666664,70.34905630220524,2.321497063349331,18.0,70.52708752415269,1.925452978695209,18.0,71.59924768873233,2.127724535356307,15.0,70.8174651144557,2.122510393986975,15.0,1381108,18
Tiger Woods,17.42105263157895,68.53841589021599,2.692670987856145,19.0,68.62996940126948,3.516843310424804,19.0,69.4203698031709,3.290228004192313,17.0,68.11929712384416,2.1925625332917167,17.0,10465690,19
Ernie Els,19.0,69.359276937199,2.8222044995373636,11.0,70.33119817692338,2.709723169830356,11.0,71.45313965986841,2.776635336755268,11.0,68.40938155070981,3.1432412461597687,11.0,1627184,11
Adam Scott,33.35294117647059,69.84006872451647,2.7019615074375527,17.0,70.33077545432039,3.7804876707998414,17.0,69.63529957251963,2.0490229335700754,16.0,71.57363470093853,3.517508071487791,16.0,1488254,17
Stewart Cink,37.09090909090909,69.76298992122003,2.14489029469243,22.0,70.06706116235459,2.1276054872410004,22.0,71.02580834022456,2.69563196912734,19.0,70.21616237230823,2.7378055495696003,19.0,1336943,22
Vijay Singh,19.896551724137932,68.80385592899137,3.0338058866378823,29.0,69.24473813655467,2.72394050201129,29.0,69.22162494353525,2.336694648001514,26.0,69.10796100135813,2.792285188920394,26.0,7932336,29
David Toms,32.8,70.37323072188539,2.9575430439632906,20.0,69.9501328102223,2.5558917080062877,20.0,68.54463678260225,2.279626261011668,16.0,69.26642592423032,3.3815811135828118,16.0,2600590,20
Vaughn Taylor,53.107142857142854,71.01203058278408,2.84577120505592,28.0,70.85605707367266,2.4991228560562595,28.0,70.48116395000291,2.8085522382461603,20.0,70.40789721328977,2.8037902954223743,20.0,1827573,28
Sergio Garcia,23.333333333333332,68.59384492863109,2.2930071462730988,18.0,69.64988035041797,2.3791159580410604,18.0,70.0365438167716,3.319774355189595,16.0,70.44474959264942,2.9490105261569495,16.0,3092252,18
Craig Parry,64.5,71.3884626349228,2.7397582011746526,14.0,71.94249760804016,2.300365087307641,14.0,71.64571447891173,2.9134976260855012,9.0,71.4220304552864,2.8988294023659225,9.0,544887,14
Woody Austin,52.357142857142854,70.18424651820517,2.9062441618222454,28.0,70.52867322882503,2.8705088782832298,28.0,70.92408398142491,3.4370205411404946,21.0,71.73238583704405,3.027328406251032,21.0,1167159,28
Jonathan Byrd,55.80769230769231,70.41023870091063,2.852638844448418,26.0,70.88455137732197,2.370906255439612,26.0,72.31034190035587,2.5506884852384917,19.0,71.34615831457134,3.199617753121373,19.0,609030,26
Retief Goosen,27.866666666666667,69.27942282523149,3.747851240827442,15.0,69.48608625187588,2.149746626017525,15.0,70.73533149408017,3.316231041256882,14.0,70.85294507512772,3.1821219428186374,14.0,1984105,15
Mike Weir,61.578947368421055,71.46489294570922,2.421540717777295,19.0,70.86066987123455,3.0317704571060187,19.0,71.05823967593443,2.4970381120572354,11.0,70.67674504097795,3.6855797243118165,11.0,1236642,19
Bart Bryant,48.125,69.89787215235663,2.5481319097243285,24.0,71.2403565825639,3.2672168363831595,24.0,69.33308716320614,2.2962110446975905,17.0,69.75191587187093,2.180780147120438,17.0,3173371,24
John Daly,65.85,70.84303555815686,3.3230619598336957,20.0,71.19402864337864,3.049097193838337,20.0,72.30509307335731,3.3891378101154417,12.0,72.13770974800487,3.586419875464898,12.0,1605586,20
Chad Campbell,42.916666666666664,70.43338713667777,3.299221292781172,24.0,70.48775739045847,2.5790424687248152,24.0,70.1686265077873,3.3259310069622012,19.0,70.19054537971087,2.848450080718175,19.0,1739831,24
Stephen Ames,45.75,70.5133312762403,2.902931660113627,20.0,70.2062410472235,2.963426125596226,20.0,70.30614365662414,2.9299470565027184,16.0,70.49734344991066,3.4036585664893826,16.0,908214,20
Rod Pampling,48.59090909090909,69.87561723993839,2.410195467383405,22.0,71.43649129837361,3.382679613185191,22.0,69.70554039104329,2.434209168822487,17.0,71.85497691569128,3.7442465163690355,17.0,1335187,22
Mark Hensby,48.77777777777778,70.60744817700767,3.570778921524756,18.0,70.83582899805623,3.6306107503099097,18.0,71.08705679789428,3.3590772442379007,14.0,71.32105339361632,2.4717786693147623,14.0,1220357,18
Andre Stolz,94.45454545454545,73.03912094234357,3.8000911750534687,11.0,74.38474530640477,1.196006013646942,11.0,74.52426261036804,0.9470705953776624,3.0,72.8697456071335,2.247604097419403,3.0,104775,11
Joey Sindelar,49.77777777777778,70.69064494072232,2.3792306561602854,27.0,70.64102817121868,3.0072542991977356,27.0,71.81464550592808,2.628676754049416,21.0,71.69846352243766,3.685472754331282,21.0,1037594,27
Heath Slocum,49.36,70.42999363041827,2.580136704951745,25.0,70.80028871002996,3.400506152725364,25.0,70.69483053890575,2.967352490847323,20.0,70.26193791925678,2.467106071583614,20.0,1582285,25
Zach Johnson,47.074074074074076,71.0685293731778,3.0519826100607705,27.0,69.85615747210423,3.030954571634436,27.0,70.36970554177307,2.730505105930412,18.0,70.47469098014756,2.816126636501849,18.0,1685798,27
Ryan Palmer,60.629629629629626,70.80524362777454,2.780493734682008,27.0,71.21139165654428,3.038988795919201,27.0,71.52442089765375,2.4041270862374615,16.0,71.60922856431955,3.233622143779464,16.0,1126378,27
Todd Hamilton,63.17857142857143,70.52441762230565,2.585205917448375,28.0,71.90612564313409,3.2008934029383043,28.0,71.33127248768902,2.729796486878752,17.0,72.53871696901444,2.611377301705778,17.0,524494,28
Brent Geiberger,83.4375,71.41036147164235,3.3750408753127976,16.0,71.95695165130171,2.8466922157433565,16.0,72.39036702353651,2.667541890002989,8.0,71.47262727797175,1.625611010402036,7.0,277879,16
Steve Flesch,63.75,71.20157613841228,3.296814552376798,24.0,70.98086777147135,2.9719827227104365,24.0,71.42698730452393,3.1264080635308558,14.0,72.73242441627012,2.995593431683733,14.0,729106,24
Fred Funk,46.57692307692308,70.43103823164894,3.2155765625740864,26.0,70.71089289554601,3.131733153119488,26.0,69.8973282640057,2.5348798378582518,19.0,70.52144359100562,2.601678689756899,19.0,2598035,26
Carlos Franco,56.78260869565217,70.5374171126666,2.945684527730602,23.0,71.39884232741355,2.489373393299736,23.0,71.38700237963143,2.565101207822911,14.0,71.3802075577814,2.595331947891448,14.0,1033143,23
Charles Howell III,46.84,70.44634756934589,2.7380473993401657,25.0,70.40060813967801,2.426549587395522,25.0,70.17458627394558,3.5673824038115627,17.0,70.74985583621651,2.8750276303468674,17.0,1671363,25
Shigeki Maruyama,42.65384615384615,70.72462570491395,2.804248834600868,26.0,69.76897671925492,2.871022271862331,26.0,70.3409351594971,2.3260439723726183,20.0,69.94077284843159,1.8640980792258826,20.0,1762927,26
Brett Quigley,56.25925925925926,70.68800119860951,2.726029609021247,27.0,70.27915162119221,2.884962359974811,27.0,71.0917924631527,3.270388566855995,16.0,71.58499858081815,3.093932666122999,16.0,894574,27
Tommy Armour III,53.96153846153846,70.58864332236581,2.842454306346726,26.0,70.18431459744092,2.9862497635818115,26.0,71.27634451692757,2.309652753262904,20.0,71.65321241965887,2.3802183736528426,20.0,615945,26
Andrew Magee,82.21739130434783,71.38637096913614,3.02858458564588,23.0,72.52694851915285,3.061344958184314,23.0,71.21795534080778,3.460845720851932,10.0,72.9163289790595,2.64332416852625,10.0,318908,23
Craig Stadler,57.6,71.2430992210404,2.615430089974899,5.0,69.21727102554307,1.4727818904328904,5.0,72.95272625091805,4.547842719190849,5.0,72.3733473832104,4.425114568804838,5.0,173860,5
Tom Lehman,46.611111111111114,69.87528940871653,2.7282912311231318,18.0,70.49331826023848,2.9301220979278457,18.0,71.54435188361914,1.8469706507981254,14.0,69.85328976954213,2.964973545987201,14.0,1563256,18
Robert Gamez,64.07692307692308,71.12379489135061,3.0627822090089127,26.0,70.58399740912837,2.421969539917426,26.0,69.72469016616718,2.65625515773617,15.0,72.56604225159622,3.480752678940628,15.0,1097277,26
Jeff Maggert,62.0,70.10441940822199,2.2821428843805815,20.0,71.25377735771991,3.6739344061305577,20.0,71.38923246046247,3.8523537917379684,13.0,71.35717971906878,2.4065980945830994,13.0,636595,20
Shaun Micheel,71.6,71.7239485507659,3.109818528677435,25.0,70.98277233686765,2.589435244033141,25.0,70.79690995392305,2.256591909258085,11.0,72.03913588963708,2.8226205103073485,11.0,464479,25
Luke Donald,26.2,68.57211713770826,2.6650193189372624,15.0,69.51052483888351,2.5785086651758258,15.0,69.57380379695249,3.2022064385641924,14.0,69.81368313270973,2.578859511221592,14.0,2256729,15
Tim Herron,39.73076923076923,70.61347958082341,2.618711485406057,26.0,69.27648882330973,2.848838839973191,26.0,70.79568920892712,2.9232549208984455,21.0,69.93117010860107,2.994210961657598,21.0,1905225,26
Jason Allred,102.26923076923077,72.64564097981486,2.8536852380075346,26.0,72.79267050289175,3.143279486925266,26.0,72.3024835262996,3.5893192059150993,7.0,73.33686438293839,2.955874314177,7.0,131539,26
Paul Azinger,77.25,71.28968324033723,2.3011607883063894,20.0,72.13728378026808,3.6125948830631693,20.0,71.1222511158218,2.59218426658793,9.0,73.10781291516747,3.12996722867719,9.0,231289,20
Tom Byrum,66.68,70.42192120414369,2.7755134461583504,25.0,71.2645604161278,3.0166917477953517,25.0,72.15729629616051,1.9762749846786936,15.0,71.29831125812508,2.5469572124157196,15.0,323954,25
Joe Durant,59.142857142857146,71.18740050772021,2.58191840763153,21.0,70.6292227129762,3.5283754528966655,21.0,70.74762438531872,1.537107180429663,13.0,70.42275670325157,2.796447294500868,13.0,1002310,21
Loren Roberts,52.86666666666667,71.2008908748857,3.362102119526082,15.0,69.25436806984848,2.0209888011954362,15.0,70.04869301373135,2.4578704157229745,8.0,69.97497470594887,2.06956464449646,8.0,622595,15
Pat Perez,52.82608695652174,70.02172435703879,2.6348775808969425,23.0,70.76910096878231,3.172366503342907,23.0,69.77691560566964,2.793200710912228,16.0,72.02591588582378,3.052588104742725,16.0,1238235,23
Justin Rose,44.64,70.9090124527668,2.8399804617920164,25.0,69.22146919570768,2.8595246341202123,25.0,71.1830525112947,2.8584067285502015,19.0,70.94809451978269,2.766759223069468,19.0,1280205,25
Larry Mize,73.6875,71.60726499972505,3.0335729358222134,16.0,71.4201905526954,2.261106321458186,16.0,69.42335779573241,3.143047271575843,8.0,72.68302186409724,3.8319286252965594,8.0,191846,16
Peter Jacobsen,74.0,71.5341814979613,2.1890663682518365,9.0,71.29445310094121,3.276062307507877,9.0,70.43551209707378,3.5146510719384034,4.0,70.41461065293305,2.8659607927793695,4.0,170666,9
Arron Oberholser,48.25,71.07366299518884,2.9591501209823208,16.0,69.65457764242188,2.9344053130170504,16.0,69.97517803518205,1.8941480112045235,12.0,70.47156851808047,1.9374977637980413,12.0,759921,16
Jeff Sluman,59.69565217391305,70.75983709710673,3.217728603796239,23.0,70.18113417143472,2.8375478235396296,23.0,72.64644959942454,2.384604137443395,17.0,71.19916233563046,1.994797400396293,17.0,981585,23
Jim Furyk,27.40909090909091,69.44140685873433,3.3201704807309698,22.0,69.0851964329181,2.2052037787365864,22.0,69.07476020564975,1.9621537107682896,19.0,69.37513001463931,2.087833371005636,19.0,3646833,22
Brian Gay,66.07407407407408,70.92953699951784,2.1674702010763833,27.0,71.13417251468562,3.5866064284672907,27.0,71.1147422363145,2.141389156293148,16.0,71.40828062402424,2.7790249262509708,16.0,660257,27
Jason Bohn,56.03703703703704,69.74357469974815,2.9270925691670913,27.0,71.08028705788529,3.099139024911414,27.0,70.18816457284493,2.4970971918621427,17.0,70.85694641170375,3.0414305404535114,17.0,1876357,27
Chris Riley,82.38888888888889,70.94968313517069,3.1545295776672133,18.0,72.92652337125676,3.5744195368551077,18.0,72.723184841502,2.864876332534477,8.0,72.56246317638731,2.855038254979479,8.0,153247,18
Rich Beem,95.04761904761905,72.78107883431974,3.0093545633518772,21.0,72.88166451610769,3.55226162158532,21.0,71.73216230185827,2.880649063592354,5.0,71.15056535627869,2.673898587895619,5.0,282736,21
Sean Murphy,85.66666666666667,71.6333404074703,2.9907355732504906,3.0,72.33324058353769,0.8459931082702301,3.0,69.74358974358974,0.0,1.0,68.02564102564102,0.0,1.0,21120,3
Franklin Langham,84.8076923076923,72.15073495144935,3.1598227687086347,26.0,71.70857178216357,3.317462749894236,26.0,71.02400720428025,2.3665852804599825,13.0,72.30778936924929,1.6539535712582625,13.0,319537,26
Briny Baird,61.407407407407405,70.39651003190026,2.741136408778032,27.0,70.96818970039546,2.207532214163499,27.0,71.40356197542398,2.793272716997724,15.0,71.2247152366621,1.8550551625551115,15.0,478609,27
Bob Estes,37.47826086956522,69.6883263908191,2.3812463738896206,23.0,69.90288698718477,1.7615821044932654,23.0,71.17709422643799,2.311831100161388,21.0,69.36037881364119,2.330505991138441,21.0,881542,23
Tom Pernice Jr.,50.48148148148148,69.78829095531835,2.9052635824309667,27.0,70.88783083176348,3.238537054329315,27.0,71.19580475085867,2.479956022828176,20.0,71.00746659878686,2.2132685858915586,20.0,1435501,27
D.J. Trahan,62.083333333333336,71.06820763317529,3.028930527993794,24.0,71.07882002522454,2.780444951582299,24.0,69.87189104880588,2.2503691102529495,13.0,71.61006944619382,2.8329037900519585,13.0,791254,24
Rory Sabbatini,60.476190476190474,70.41324121470927,2.8829765649718,21.0,71.06218757096657,4.355730646357936,21.0,69.60133292221715,2.7815368884451814,14.0,71.18949639409126,3.200667885627332,14.0,789996,21
Ben Crane,37.705882352941174,68.98883184030831,3.7961232807785272,17.0,69.10452070989518,2.927705481645974,17.0,70.81272172730077,2.2830240239123802,15.0,69.0714465994426,2.900368085144683,15.0,2369904,17
John Riegger,55.5,70.37347027972028,0.18597027972028002,2.0,68.81065462315462,1.6578768453768475,2.0,74.59130706691681,1.8477173233270818,2.0,70.55550343964978,1.529862414008754,2.0,23328,2
Billy Mayfair,39.69230769230769,70.17997950686281,2.1741151897086457,26.0,69.72263155696277,3.553658495822938,26.0,71.12448291270199,2.2997303078972857,22.0,70.4156016505531,2.917139044852137,22.0,1922160,26
Steve Allan,71.77777777777777,71.65286350168915,3.094151831251947,27.0,71.2517613465369,3.894638045296542,27.0,71.48518455109243,2.9489925846675376,17.0,72.36253866634021,2.858119726058715,17.0,406504,27
Dick Mast,100.33333333333333,73.42226528015787,1.1288727295062697,3.0,73.03834175739847,7.556535586911921,3.0,68.74358974358974,0.0,1.0,75.02564102564102,0.0,1.0,12053,3
Steve Jones,79.88235294117646,70.60540285551407,3.7082032534452503,17.0,72.1642411543545,2.84220979816309,17.0,71.6487429535568,1.1977827850497826,7.0,71.86381220533632,3.893745933135616,7.0,114344,17
Rob Rashell,91.27272727272727,72.51042047311154,2.314883094575011,22.0,71.78266653651434,2.8656599479708227,22.0,72.09898996917713,2.4152763544225953,7.0,71.48320359251622,2.0414881852161955,7.0,84391,22
D.J. Brigman,87.3913043478261,72.60036511058475,2.418020000110066,23.0,71.38887686228546,3.3369791357232925,23.0,72.92081562830612,2.2931943349489017,11.0,71.01284992515968,2.4398486361511056,11.0,238138,23
Greg Owen,49.61904761904762,70.69860705143023,3.121609517407225,21.0,70.45793706832767,2.6458751231192803,21.0,70.6387859889874,2.4158297829511683,17.0,71.53926781960958,2.4247771234913826,17.0,1331018,21
Daniel Chopra,61.93103448275862,70.58398071029998,2.4554347012055113,29.0,70.97953093393924,2.9739165083820165,29.0,70.7155745655387,2.349504493819934,17.0,71.78801729255788,1.9209947857494958,17.0,739743,29
Duffy Waldorf,66.5,70.95286607040741,2.690123547741027,22.0,71.15426095395358,3.0523760547792826,22.0,72.65715681279828,3.5135466902485066,12.0,70.67832023046883,1.9496389749973022,12.0,387591,22
Jesper Parnevik,52.0,68.9308031341547,2.6165747810619484,20.0,71.40620078399127,2.9149270887765377,20.0,70.72225100465424,2.590433363531331,17.0,71.92638248625609,2.96590314437826,17.0,720272,20
D.A. Points,77.33333333333333,72.03682254465919,2.622507449528253,27.0,72.24854680934234,3.270683266609941,27.0,70.84687142780294,1.499021187261907,11.0,70.5722268042204,1.5219681386631678,11.0,284116,27
Omar Uresti,69.83333333333333,70.49149430532988,2.251120460838256,24.0,71.97328965822466,2.4393799446277558,24.0,72.21432273844367,2.0408531750412946,14.0,69.91763795517522,2.8836396508573,14.0,463102,24
Hank Kuehne,80.0,71.8140326015345,3.623775863001745,24.0,71.26694097701471,3.0258226229637284,24.0,74.0265827996573,3.5326789018306353,11.0,71.75730460687802,2.839776496194163,11.0,546817,24
John Cook,75.0,71.92328584974717,2.468595753008527,22.0,70.96579688858286,2.3710954466489307,22.0,71.13319401741983,3.2271235838363803,9.0,69.91339861518983,2.4674390320684374,9.0,374186,22
Nick Watney,73.11111111111111,71.86348587138644,3.3833574890954377,27.0,70.63710682077985,2.487753272764939,27.0,73.01616431368409,2.8818540591010766,12.0,70.98474631817363,2.148594552070641,12.0,426119,27
Ryuji Imada,68.19047619047619,71.88226744517051,2.615745575846182,21.0,70.6130041384344,3.773695447423298,21.0,71.27489071230175,3.3010020315490944,11.0,71.22376383547572,3.665801929114362,11.0,456621,21
Charles Warren,71.96296296296296,71.27889254844341,3.1081253244256923,27.0,71.80544578262145,2.9620688381881948,27.0,71.80915723673186,2.797327015771081,12.0,69.58175478075337,2.3096462971099005,12.0,872127,27
Joey Snyder III,60.0,70.87435334410374,2.401236187826137,28.0,70.66372407325194,2.7882534410110353,28.0,71.25302082613209,3.009314555481439,19.0,71.99000836142248,2.847025375715571,19.0,805821,28
Sean O'Hair,46.0,70.20771549362811,3.0716328223184326,26.0,70.45066935701911,3.007898151169783,26.0,70.95890997278218,3.3930724684561406,22.0,70.91672413397625,3.0469957050079572,22.0,2414045,26
Tom Kite,89.875,71.71255583147038,2.4845621011625316,8.0,72.86509675801827,3.3494369142149214,8.0,69.96148591211882,3.0286018679972226,3.0,75.66388154742585,2.2709499105644815,3.0,103429,8
Dean Wilson,60.833333333333336,70.07806664109579,2.6832391185599445,24.0,70.48304273115393,3.2594108608397323,24.0,70.88630654340089,3.1994833503363695,15.0,72.80466384788558,2.4203462276277445,15.0,737034,24
Greg Meyer,77.0,69.1875,0.0,1.0,69.15277777777777,0.0,1.0,73.74358974358974,0.0,1.0,74.02564102564102,0.0,1.0,8928,1
Paul Gow,74.04347826086956,71.4270815054868,2.8520119265312514,23.0,70.8410331852173,2.6307546766306973,23.0,71.93091600558508,2.4379223121697864,13.0,73.49331843879838,4.19003764709302,13.0,219459,23
Michael Allen,73.07692307692308,70.38661158818671,2.4331408902931524,26.0,72.13918807487367,3.004699932315369,26.0,72.72865636319062,2.9506058568559665,13.0,69.41259416326456,2.799385422660693,13.0,528411,26
James Driscoll,78.68181818181819,72.24073205435496,3.1787130998648236,22.0,71.7488487078486,2.8557563461310282,22.0,70.55324152542072,2.270428603268676,10.0,71.290403124219,2.160434804883888,10.0,828179,22
Brad Faxon,55.8,71.36826135095207,3.085541674687416,20.0,70.50791559059337,2.8268606852027567,20.0,69.28913034066753,3.1426633256627747,13.0,70.19344648969789,3.342792197934459,13.0,1642378,20
Harrison Frazar,59.22222222222222,70.55840355987615,3.336360202298089,27.0,70.7807845283455,3.0100688380633,27.0,71.22646840274024,2.6291219707425664,18.0,71.34590370347371,3.6706230850727377,18.0,731633,27
Hunter Haas,80.52,71.750897068317,2.517956512345688,25.0,71.03870235397548,3.135150535304507,25.0,71.79500584024593,2.319137043292509,11.0,72.3540117650553,2.2347798068727625,11.0,203785,25
Toshi Izawa,79.0,69.1875,0.0,1.0,71.15277777777777,0.0,1.0,NaN,NaN,0.0,NaN,NaN,0.0,0,1
Michael Long,82.78260869565217,71.84754225447686,2.1450380775915088,23.0,71.36859932353693,2.505009297834328,23.0,72.45226841867132,2.8830255424565436,10.0,72.47565438115606,2.7560893351735514,10.0,134369,23
Geoff Ogilvy,37.77272727272727,69.63525343204559,2.309052412258658,22.0,70.48467089637042,2.848523491950065,22.0,69.61977237304626,3.1820789334136648,19.0,71.19520824032317,2.7356541532134604,19.0,1858382,22
Corey Pavin,55.473684210526315,71.37629851657813,2.5428141387896486,19.0,69.82892462669247,2.949317854331298,19.0,70.48444331772117,2.9954897412177077,13.0,70.55211737619399,1.5338823058152282,13.0,687196,19
Craig Perks,99.36,73.3269997835152,3.4163505154460125,25.0,72.80701497901038,3.0795696022852264,25.0,72.92848493990361,3.705428555305477,7.0,71.45640253526052,2.6795224909810407,7.0,171379,25
Tim Petrovic,62.333333333333336,71.43215027948712,2.3945452189992715,27.0,71.24897116814988,2.444360948750301,27.0,70.86574843577789,2.5384394138050124,14.0,70.87142614768365,2.644655981930639,14.0,1488066,27
Ted Purdy,51.10344827586207,70.21209323833567,3.1633013796221094,29.0,70.0781011346473,2.877277639584415,29.0,72.22649584702016,2.597026179014148,24.0,71.50845530237906,3.463201296327502,24.0,1921196,29
Tag Ridings,64.11538461538461,71.06328725362229,3.1125859861088574,26.0,70.75318367753559,2.6706755926758445,26.0,73.19207439159905,4.150841837704032,14.0,70.88896804180918,2.755834628523092,14.0,690367,26
Chris Smith,74.44827586206897,71.59087214091636,3.344138629910902,29.0,70.91932843358917,3.153116110832456,29.0,72.63974222395183,2.987677894708505,13.0,72.0910932115555,2.0806006617831314,13.0,443942,29
Kevin Stadler,81.85714285714286,73.2051222077139,3.598719590608754,28.0,71.25731122237907,3.0623928236064195,28.0,71.74170953575829,2.92146810499356,12.0,71.53013243335995,2.6054122997261597,12.0,309510,28
Toru Taniguchi,92.0,72.37476035549192,3.3029964867891457,6.0,72.43480202379972,3.950246862850043,6.0,70.91358024691358,0.0,1.0,69.95061728395062,0.0,1.0,38880,6
Robert Allenby,57.88,70.69128985120099,2.6133849742462667,25.0,70.56456124407418,3.317711324200552,25.0,71.59707549300536,2.7957714629313393,13.0,70.32349297518991,2.5206634386870865,13.0,786124,25
Danny Briggs,86.5909090909091,71.97613076911146,2.425648674457263,22.0,72.05997231660768,3.18947134815589,22.0,71.29239316518643,2.201993135225576,7.0,72.71136240088039,1.7774189944227545,7.0,148836,22
Matt Gogel,77.91666666666667,71.38305700163426,3.219094588170116,24.0,71.92541651642323,3.1299069502853993,24.0,71.06600389876449,1.9295429869296952,10.0,70.89112498423117,1.6699501966612085,10.0,344151,24
John Senden,51.32,71.10293850975344,2.7986772034119,25.0,69.05061283167862,2.459255687819387,25.0,71.60485648694818,2.531975012561748,19.0,71.66052751550967,2.7358136285154915,19.0,660100,25
Scott Simpson,89.66666666666667,71.50566517108719,2.0499820625724636,9.0,71.90478309417307,2.1062037811390484,9.0,73.1750605583939,4.34575114231475,4.0,72.61033771867105,1.3663498668130327,4.0,35556,9
Chris Tidland,98.0,69.1875,0.0,1.0,72.15277777777777,0.0,1.0,NaN,NaN,0.0,NaN,NaN,0.0,0,1
Todd Fischer,71.62068965517241,71.28617819811917,3.3123495475010936,29.0,71.14735358339344,2.8422497569661025,29.0,70.78417953909413,1.8080246853188395,13.0,71.6544608140631,2.5237031800020677,13.0,595330,29
Dudley Hart,39.1,69.6191079300467,2.6591283174644142,20.0,69.58235783798537,2.171665447948698,20.0,71.01627681055416,2.4121078248042673,17.0,70.90741708831845,3.3172545092188237,17.0,1041422,20
John Huston,70.5,70.73545261819386,2.7922242837866857,24.0,71.56137068800179,2.847334871622185,24.0,71.57415814658596,3.64954432412528,12.0,70.93223762318094,2.935514652506107,12.0,596999,24
David Ishii,104.0,71.1875,0.0,1.0,71.15277777777777,0.0,1.0,NaN,NaN,0.0,NaN,NaN,0.0,0,1
Jerry Kelly,54.84615384615385,70.64048370409023,2.1322713004876817,26.0,69.9615034193136,3.422648256877636,26.0,71.15753937512159,2.8533756657747196,18.0,70.91391631507932,2.8595467461996864,18.0,1082749,26
Bernhard Langer,48.833333333333336,70.56337558300635,2.808490431202973,18.0,69.94610969901936,2.2459054173586606,18.0,70.97379824034796,3.119020203864317,13.0,70.78380307166293,2.226431870660907,13.0,911795,18
Frank Lickliter II,69.76923076923077,71.64355929019027,2.2097389839480837,26.0,70.79283724233878,2.359611128047169,26.0,72.70881208573579,2.6274062991701355,15.0,72.00636538329695,3.8263391805076883,15.0,292808,26
Bo Van Pelt,50.55172413793103,70.60524314484762,2.4785532224581224,29.0,70.05177142822915,2.5239511374727983,29.0,70.94980328463114,3.276342993783444,21.0,71.44611984173251,2.8124152032421375,21.0,1470593,29
Brett Wetterich,70.88,71.18708728829144,3.798046477300187,25.0,70.93275792589623,3.0205253617038625,25.0,71.03687513236285,2.4011167946060965,11.0,71.46155097502327,1.3947348726430233,11.0,576031,25
Aaron Baddeley,69.18181818181819,70.82131417149755,3.3707395227896826,22.0,71.9227651431837,2.7028511021708845,22.0,71.21757939149852,3.1257444816167,12.0,70.30636672717186,1.7997564948497173,12.0,843448,22
Hideki Kase,113.0,73.1875,0.0,1.0,70.15277777777777,0.0,1.0,NaN,NaN,0.0,NaN,NaN,0.0,0,1
Peter Lonard,60.869565217391305,69.83071352321137,3.1929832337443833,23.0,71.22582675971566,2.6134469232438624,23.0,70.98555668785143,4.529409048694917,14.0,71.90706690999475,2.582695516875741,14.0,1647863,23
John Morse,95.5,72.55176526717557,0.3642652671755755,2.0,71.8092133163698,0.656435538592028,2.0,NaN,NaN,0.0,NaN,NaN,0.0,0,2
Patrick Sheehan,71.2,71.35986185555234,3.656915840394087,30.0,70.90477144606302,3.8773615231708947,30.0,73.3655481627689,3.011661413055132,19.0,71.43210322611553,2.6892650166246335,19.0,640237,30
Brian Bateman,69.6923076923077,70.08887080338495,2.658152742631189,26.0,72.15381770166033,2.2335708757621338,26.0,71.38451234095108,2.680091958558394,15.0,71.71362733093532,2.746274816604811,15.0,363740,26
Bradley Hughes,93.55555555555556,73.17023993381538,3.3539650558487484,18.0,70.84630255249176,2.525676186841425,18.0,72.7988966827276,2.751927049650272,7.0,71.85754397274263,1.665379810489444,7.0,76819,18
Brendan Jones,75.91304347826087,70.78255389763241,2.8235718149942004,23.0,72.27525797415247,3.402291746341798,23.0,71.95111426866781,2.3569708603516526,13.0,72.69116724672367,2.3384904788090175,13.0,458497,23
Hidemichi Tanaka,69.78571428571429,70.85211449394556,2.6246537110858847,28.0,71.44063589156934,3.348156721373675,28.0,72.08465107015049,2.695271586520074,16.0,71.48264127080547,3.150614442147053,16.0,526819,28
Kirk Triplett,61.53333333333333,70.24109519036948,3.3843312949292397,15.0,71.19528189508632,3.4700075195212117,15.0,71.7113939602471,1.3467592805578807,8.0,70.94452206796075,2.2730988501306255,8.0,473146,15
Justin Bolli,86.28571428571429,71.69191033635131,2.4753729390443886,21.0,72.2296379944122,2.757176390854054,21.0,72.36142436194116,1.9454873683919738,8.0,71.84965524029579,2.6180750958230745,8.0,132401,21
Spike McRoy,90.27272727272727,71.83755649828362,3.134996236477719,11.0,72.17256626933724,2.1915613058231798,11.0,70.61825591825593,3.467154211038439,5.0,70.73705003705003,2.2571207810427207,5.0,173919,11
Joe Ogilvie,58.18518518518518,70.4380968805063,2.6751063623801543,27.0,71.17479836532438,3.3186649726395117,27.0,71.44619598748575,3.180427202215967,18.0,70.36416847335204,2.0769551601298106,18.0,1369409,27
Ian Poulter,67.26666666666667,69.97254418970563,2.0519139725000923,15.0,72.37251394414457,3.7099697303433845,15.0,71.55138188604327,3.266432849254297,8.0,71.43156995315564,1.9687184528178716,8.0,365290,15
Paul Casey,75.57142857142857,72.07188612349334,3.0993256017857727,7.0,72.12326866807784,2.9975228650178742,7.0,69.22192916685043,1.8143613074027953,3.0,70.36630941354622,1.2367079830896472,3.0,164070,7
Takashi Kamiyama,128.0,74.1875,0.0,1.0,72.15277777777777,0.0,1.0,NaN,NaN,0.0,NaN,NaN,0.0,0,1
Michelle Wie,108.0,72.05041666666666,1.1370833333333366,2.0,72.46972222222222,0.6830555555555549,2.0,NaN,NaN,0.0,NaN,NaN,0.0,0,2
Matt Davidson,98.15789473684211,73.01197811130523,2.7587053647487196,19.0,72.61737076759513,2.9377738393361232,19.0,71.97505150179042,3.186816229042033,7.0,71.92940107467427,2.196063986711363,7.0,98906,19
Jonathan Mathias,131.0,79.1875,0.0,1.0,68.15277777777777,0.0,1.0,NaN,NaN,0.0,NaN,NaN,0.0,0,1
John Rollins,55.65384615384615,70.53298627150578,3.054019615489714,26.0,70.80265452721508,2.2498288170117355,26.0,69.98693047238132,2.613944608020649,18.0,71.49005685280196,2.643542586482709,18.0,844667,26
Darron Stiles,62.91304347826087,70.75089730684861,2.4355756250123255,23.0,71.26379649649728,2.059759666192608,23.0,69.88444046920901,3.366739362608729,13.0,72.15694431310486,2.322001454266401,13.0,477267,23
Hideto Tanihara,106.05882352941177,72.38704755005782,1.995199933182413,17.0,72.75417971912742,2.99055257827985,17.0,73.39768175557649,3.3513398812110107,5.0,73.77881353670827,2.8155537561219894,5.0,40539,17
Euan Walters,104.47058823529412,72.70384754360633,2.6194672475968135,17.0,73.24621166828854,3.154085392763243,17.0,73.46630865618208,1.1810449051237164,3.0,71.8864428545221,0.19748173626642782,3.0,46365,17
Paul Claxton,90.5,71.76815064952272,2.8909618209442494,24.0,72.75692087769528,2.697070684198488,24.0,70.87381206857572,3.294845831796233,9.0,71.78329524150345,1.665757654445144,9.0,222824,24
Kevin Na,66.0,71.09816666867172,3.7087973350338355,27.0,71.30335317060567,2.734107598755662,27.0,71.73148389342727,3.193625569493101,14.0,70.38465227388205,2.565205521163743,14.0,1095205,27
Cameron Beckman,64.26923076923077,70.0420443971583,2.6332061419846204,26.0,71.48383375322793,3.520312432771361,26.0,71.6578860232425,1.9916240634381668,15.0,71.71556194457399,2.634170202196293,15.0,439357,26
Thomas Levet,76.26666666666667,71.55899387282942,3.5776403421109366,15.0,71.2390891927048,3.616642488871046,15.0,72.65492127913963,3.0534793621493,8.0,70.8371584941322,1.7312612242189107,8.0,450343,15
Len Mattiace,93.2,72.48261517190362,2.5130248717523522,30.0,71.89485873161875,3.3746928836255696,30.0,72.65040458628168,2.155314711042391,9.0,74.33869827348455,2.1356096028756992,9.0,191138,30
Kevin Carll,143.0,74.1875,0.0,1.0,78.15277777777777,0.0,1.0,NaN,NaN,0.0,NaN,NaN,0.0,0,1
John Lynch,144.0,73.1875,0.0,1.0,81.15277777777777,0.0,1.0,NaN,NaN,0.0,NaN,NaN,0.0,0,1
Scott McCarron,63.44444444444444,71.02726291698012,2.5269336484011253,18.0,71.00734720956865,2.959344973870315,18.0,71.71918993346073,2.5360634684768697,13.0,71.45397510529791,3.202697419857867,13.0,820446,18
Kevin Sutherland,48.42857142857143,70.36379269618313,2.98582995113648,21.0,69.1405418760244,1.9904307627733835,21.0,71.89354350753905,1.8978792687489678,16.0,71.53050333963918,2.521374935865769,16.0,667219,21
Tom Gillis,78.0,71.30032589505045,2.698803132509929,24.0,72.34534521010998,3.316292646898332,24.0,71.59716060341874,2.434138600359539,10.0,72.16436421064718,4.991517565395247,10.0,400664,24
Robert Damron,71.61538461538461,71.70884880980465,2.7582323962168296,26.0,71.06462016164514,3.2509691900609354,26.0,72.45731720456011,2.288287559961606,15.0,71.18533806852427,3.1312763777375596,15.0,723386,26
Brandt Jobe,42.65217391304348,70.3171991485358,3.36921327134856,23.0,69.55414039399167,2.23087121181181,23.0,71.59188082120123,2.5398424293339743,20.0,70.73260578134182,2.4784193144957887,20.0,1243949,23
Bill Haas,63.8,71.90054797369433,2.5492927529841354,5.0,72.38171519682106,4.100376635899625,5.0,71.00494868989945,2.851154190173445,3.0,72.23670365161223,4.819186343650803,3.0,136355,5
Fredrik Jacobson,61.7,70.45386511921787,2.791828479217809,20.0,71.26663277671682,3.6219708042352123,20.0,70.46952013209486,3.1447084358378423,12.0,71.63269558733255,3.526194200643936,12.0,755154,20
Scott Hend,91.68,72.21947571202412,2.841802127533179,25.0,72.38302789917367,3.9465420414288555,25.0,72.16621052673867,2.5589057444848566,9.0,72.19962656279223,2.6723416225656926,9.0,349207,25
Craig Barlow,61.38095238095238,71.64289047082278,2.863115392176838,21.0,70.05692257444932,3.130569745548737,21.0,70.2911323509547,2.5565730607723816,12.0,72.11977671194573,2.0410800888107796,12.0,626731,21
Carl Pettersson,56.793103448275865,70.55424725818642,2.836011344796679,29.0,70.81356237849745,2.6435993475892268,29.0,69.94561677736431,2.114321396776849,17.0,71.74587274899147,2.643515689762276,17.0,1900608,29
Brian Davis,59.85,71.02400118623575,2.79253019033002,20.0,70.8979891148892,2.397281755098866,20.0,71.33914266176366,3.3013365559575756,14.0,71.88634468477917,2.739978237752712,14.0,493810,20
K.J. Choi,47.1,69.53673616125052,2.38805714918988,20.0,70.37394461830283,2.751651723004678,20.0,70.51542653183931,2.181514915452182,15.0,71.41167484094417,2.6400399769990326,15.0,1690353,20
Fred Couples,52.94117647058823,71.49357085684112,3.0256143355702045,17.0,70.88050885411774,2.476547682374883,17.0,69.82030960111426,3.3820157413513647,12.0,69.16357838042467,2.6888662064729587,12.0,1639174,17
J.J. Henry,58.03846153846154,69.92801598802338,2.1464689930549112,26.0,70.92149539611688,3.0576486150229294,26.0,72.04422947674792,2.4133477196178514,17.0,70.27913670931612,2.0860433588858944,17.0,859512,26
Mario Tiziani,69.61904761904762,70.51631035634948,2.5428854550385207,21.0,71.29344828826899,2.71138239167553,21.0,71.78422137895474,2.1426746575061593,11.0,72.55055070730567,1.7921591154262737,11.0,181619,21
Bob Tway,54.61904761904762,70.33013690646625,3.2515051898442833,21.0,70.73622312691673,2.1071705781256678,21.0,71.38853577927595,2.9037482697938337,15.0,70.30164489927989,2.41656433116796,15.0,850663,21
Jay Haas,60.30769230769231,71.94868437949776,2.309548828817829,13.0,70.0499389248561,2.402261505233837,13.0,71.34998648752861,2.275552312795748,9.0,72.43566044713404,2.7106617836534306,9.0,309519,13
Roland Thatcher,73.13636363636364,71.78424137223661,3.139582551645647,22.0,71.68900469680422,3.852479827297047,22.0,71.70488712246028,2.5848680222118428,13.0,72.68191365581032,2.706728689189847,13.0,326300,22
Mark Wilson,69.0909090909091,72.1539531041895,3.6878473933833185,22.0,70.83003113645982,2.624745625509355,22.0,70.22551550773863,2.7440565209605685,11.0,71.99113060655203,2.708676732750186,11.0,558169,22
Charley Hoffman,56.0,72.16326530612245,0.0,1.0,69.49659863945578,0.0,1.0,70.91358024691358,0.0,1.0,74.95061728395062,0.0,1.0,10656,1
Phil Mickelson,24.25,68.64169650971586,3.1355141381653913,16.0,67.90756957336791,2.998459775626379,16.0,70.38487826285069,3.0803438601133593,16.0,70.19355510442915,2.625265247574914,16.0,4441205,16
Dennis Paulson,88.45,72.43348761865518,2.5988570979470866,20.0,72.18954720376041,2.4788808129770947,20.0,73.3560487748902,2.2706551854997494,7.0,72.39418080428742,4.081623263119619,7.0,117147,20
Alex Cejka,65.0,70.24787153670258,2.0818240412266147,22.0,72.00945197438286,3.448152157846353,22.0,71.03667751337129,2.510516085301289,11.0,71.12205288048577,2.0947943911191063,11.0,428811,22
J.L. Lewis,59.111111111111114,70.53384323627576,2.88929800155885,27.0,71.26723250275066,2.6880688834093345,27.0,70.54857613824548,2.8543490958714393,18.0,70.85868005093029,2.9490632438526605,18.0,830259,27
Phillip Price,65.5,71.08071902980345,3.333854980475973,20.0,71.61441400120859,2.077762977719967,20.0,70.95327067100096,2.7124131952146175,11.0,71.64644198811276,1.9160742396624426,11.0,347275,20
Skip Kendall,88.32,71.95321603901837,2.2359477371491145,25.0,72.3592985397159,2.617888348726932,25.0,73.65182568650584,2.825845382378501,6.0,71.74488486164563,2.5374096805744424,6.0,164111,25
J.P. Hayes,66.6842105263158,70.79713372419522,3.4227267977828153,19.0,70.76408461620524,2.771370593656759,19.0,72.12352224891997,2.5221015161515314,11.0,72.28923263840163,3.848746037615206,11.0,531704,19
Mark O'Meara,71.63157894736842,71.39663725810597,2.766932594253128,19.0,71.8297900821408,2.5849835283711076,19.0,72.09810420627478,2.617554554153101,11.0,73.58978270188639,2.7769325805301723,11.0,190970,19
Carl Paulson,71.72727272727273,70.78628996273186,3.1523226232201162,11.0,71.44352311311508,3.132516158896171,11.0,72.55689737068586,2.7952142197659042,6.0,72.81512949176938,2.830376105493961,6.0,198214,11
Charlie Wi,72.7,70.28654201776101,2.17067764027859,20.0,71.57087193722785,1.7310101738690478,20.0,72.86769455772726,2.367046859098198,11.0,73.07347648612726,1.8914982409044774,11.0,250082,20
Bill Glasson,87.88235294117646,71.66307918121971,2.2025611383159966,17.0,71.16988961621372,3.229460493042166,17.0,72.46345954559668,3.038669517168455,7.0,73.9594342752719,3.905614402254959,7.0,98557,17
Will MacKenzie,83.5909090909091,72.11762529533092,3.316680616593831,22.0,70.65358554294505,2.8861181553370967,22.0,73.72169324906417,2.6904064941287684,12.0,73.17448690454164,3.09148105961975,12.0,163529,22
Steve Alker,82.0,69.16326530612245,0.0,1.0,75.49659863945578,0.0,1.0,NaN,NaN,0.0,NaN,NaN,0.0,0,1
Billy Andrade,61.22727272727273,70.73347953486218,2.450301533003322,22.0,71.01251496784631,2.7455968854523305,22.0,70.55087709055633,3.8943567622498425,13.0,71.41842908541014,3.129669623417456,13.0,1083875,22
Doug Barron,72.68181818181819,72.00343442094378,2.607975900165846,22.0,71.26241171647962,3.2435780727238113,22.0,70.40890642074164,1.7338091343103876,12.0,71.10125871445784,2.8621773051948605,12.0,731990,22
Dan Forsman,64.4,70.80504792010247,2.4866126018369643,15.0,71.0595695431008,3.0569010861125276,15.0,72.11837628163345,2.810919832194791,9.0,71.04093205839621,1.2696184993202453,9.0,164134,15
Scott Gutschewski,62.458333333333336,71.16066162186893,2.6074873272495744,24.0,70.85083644364282,2.1895528049576103,24.0,70.56246411873578,2.8886033965390228,14.0,71.71472959759559,1.7005979227751975,14.0,420153,24
David Hearn,80.45454545454545,71.3999762884761,3.2955495055315476,22.0,71.6912783430313,2.9853237427661794,22.0,71.22198914119711,2.549212570995033,10.0,71.71272273915129,1.9567971811104594,10.0,186353,22
Kent Jones,64.25,71.61489939209225,1.9506742801322163,28.0,70.13010192297736,2.6117222955196704,28.0,70.7587328351521,2.940538807999517,16.0,72.36838485143875,2.96159115789053,16.0,613494,28
Hunter Mahan,67.66666666666667,71.26700722393541,3.416769239053129,30.0,70.53597233506025,3.3012656176927706,30.0,72.3959280560632,2.0774958098691196,17.0,70.73252413841215,2.869139558885875,17.0,578467,30
Steve Pate,107.75,73.00021483812169,3.1954232101814566,8.0,73.6866243749515,2.1036782524187907,8.0,72.0909090909091,0.0,1.0,72.46875,0.0,1.0,12402,8
Ben Curtis,83.54545454545455,71.71504145822485,4.461428590515162,22.0,72.65921786657746,3.0044612267540853,22.0,71.17503367438268,5.40687419996669,7.0,74.09851149051872,2.1670861666106425,7.0,589382,22
Rick Fehr,98.0,75.16326530612245,0.0,1.0,70.49659863945578,0.0,1.0,NaN,NaN,0.0,NaN,NaN,0.0,0,1
Bob Heintz,86.81818181818181,72.49618659730604,3.722230311336549,22.0,71.77309186443813,3.079273713107585,22.0,70.94946783456982,2.0850104121514073,9.0,71.98681124870322,2.196706485785176,9.0,346848,22
Jim Carter,89.71428571428571,72.0509693834251,2.634551065079076,21.0,72.06673218895429,2.7905219815904614,21.0,73.07713560703942,3.61565291484967,7.0,73.70514980084523,3.085571122336618,7.0,104138,21
Justin Leonard,48.68421052631579,70.80605910788235,3.6803143682844692,19.0,69.80949933702233,3.4060554137296917,19.0,69.8038911272008,2.600898209295328,13.0,70.18256646842774,1.9463189997212964,13.0,1756892,19
John Elliott,106.15,72.46502509897316,2.3907598491802005,20.0,73.80021372593824,4.136751004159885,20.0,71.42379228168701,2.7237587719336402,5.0,70.0991520570468,1.949365720458417,5.0,39383,20
Lucas Glover,60.84,70.50947231916396,3.543907828596377,25.0,71.45639092244576,2.231113283560792,25.0,71.77641195574527,1.5172942701245256,15.0,69.7426611460253,2.9526722989959917,15.0,1926428,25
Boyd Summerhays,122.0,73.82384167551254,1.2231512525731945,7.0,72.29736775817511,1.8893990551105975,7.0,78.0909090909091,0.0,1.0,78.0,0.0,1.0,0,7
Neal Lancaster,63.16,71.69089804584956,2.5294092521950797,25.0,70.42124834443239,2.6139582536279216,25.0,71.4950759145097,3.0356667686980114,16.0,70.91012385451668,2.769872032377476,16.0,490455,25
Steve Lowery,70.21428571428571,71.70929225533781,3.5583669239668856,28.0,71.57820155910471,3.7133012845595257,28.0,70.72151119257852,2.4352879628079607,15.0,71.4539318996235,3.504574267574805,15.0,826824,28
Gavin Coles,76.9,70.78238736738277,3.169042178935421,20.0,72.19074169330447,3.182702252392605,20.0,71.54276755375484,2.270947973606007,12.0,73.61197579844229,3.237425194629213,12.0,339593,20
Paul Holtby,133.0,77.16326530612245,0.0,1.0,72.49659863945578,0.0,1.0,NaN,NaN,0.0,NaN,NaN,0.0,0,1
Chris Starkjohann,139.0,75.18419675562532,0.020931449502874955,2.0,74.01432496075353,1.4822736787022492,2.0,NaN,NaN,0.0,NaN,NaN,0.0,0,2
Jeff Hart,85.1,72.04774123143565,2.4370461526905376,20.0,71.86449815819688,3.9006843097246953,20.0,72.06087155563468,3.0345863188883757,9.0,71.9825032446791,2.1075446960349464,9.0,135165,20
Gregory Casagranda,143.0,76.16326530612245,0.0,1.0,78.49659863945578,0.0,1.0,NaN,NaN,0.0,NaN,NaN,0.0,0,1
Steven Hakes,145.0,75.16326530612245,0.0,1.0,82.49659863945578,0.0,1.0,NaN,NaN,0.0,NaN,NaN,0.0,0,1
Chris Perry,145.0,77.16326530612245,0.0,1.0,80.49659863945578,0.0,1.0,NaN,NaN,0.0,NaN,NaN,0.0,0,1
Michael Beard,147.0,84.16326530612245,0.0,1.0,75.49659863945578,0.0,1.0,NaN,NaN,0.0,NaN,NaN,0.0,0,1
Kenny Perry,26.36842105263158,68.54245620293091,3.18761093913323,19.0,69.28668930874623,2.9154494019750414,19.0,68.54760558469388,2.739657459779311,17.0,70.35258157018052,2.789697988725701,17.0,3502955,19
Mark Calcavecchia,47.08695652173913,69.69538789034097,2.7205386931697135,23.0,70.14730894306037,2.9541185960922927,23.0,71.0802277551554,2.586217724254797,18.0,70.97900060217826,3.114103015179054,18.0,2154760,23
Scott Verplank,34.6,70.18553498053885,2.545224355963586,20.0,68.80046090556684,2.2874947352653514,20.0,69.69533906036335,2.475210086704916,17.0,70.72041527826451,2.7332387379305323,17.0,2462723,20
Jay Williamson,61.38461538461539,71.52965297471388,3.2841689809763848,13.0,70.83028507189773,2.257499051615878,13.0,71.48388281973736,3.1457324109590705,9.0,70.9139353268496,1.9051033514202393,9.0,258818,13
Jose Maria Olazabal,36.61538461538461,70.1456150394975,2.613314641603262,13.0,69.9019334029162,3.0291134736248972,13.0,69.5281540292344,2.38694729226586,11.0,71.34805600257401,2.9589359304013216,11.0,1409105,13
Don Yrene,87.0,72.01124576918878,1.0732612730647446,2.0,72.85238563161917,1.0771918331695645,2.0,70.92207792207792,0.0,1.0,73.05194805194805,0.0,1.0,10452,2
Steve Elkington,44.3125,69.99904568870126,2.117259372118847,16.0,70.16409726733947,2.7740182873127472,16.0,70.6078867099195,2.971939040707916,12.0,69.42320450902875,2.4514238883999346,12.0,1364179,16
Lee Janzen,69.76190476190476,71.33518134285889,2.221852410540556,21.0,71.03750225990912,3.0613207118207444,21.0,71.76834641720384,1.3210582688281953,10.0,72.05111212944762,3.6025578600314736,10.0,313515,21
Mark Brooks,86.0,72.09315231383509,2.3843869421402837,21.0,71.75782708186581,3.01036973894148,21.0,72.22504259097977,3.4428402866555166,9.0,74.10944206774214,3.714875495410923,9.0,230400,21
Chris DiMarco,45.9,70.27997969312686,3.3634516693325227,20.0,70.2510655543791,3.316571163975828,20.0,69.80115983145728,2.3486386624115876,14.0,70.73687424484979,3.22290079984811,14.0,2793165,20
Stephen Leaney,63.04347826086956,71.15316886478557,2.5915507794587858,23.0,70.53970538987147,2.5456247618910504,23.0,70.29606108356673,2.2934842845668446,14.0,72.386501643121,2.6737633552094087,14.0,528474,23
Kevin Streelman,63.0,69.21899224806202,3.7189922480620154,2.0,71.71325479396165,1.0619390044879609,2.0,69.07894736842105,0.0,1.0,71.07894736842105,0.0,1.0,21695,2
Glen Hnatiuk,81.77777777777777,72.46623999919987,2.864797188036331,18.0,70.41853942242267,1.8079979932101213,18.0,72.3722043077169,2.4660875022709225,6.0,70.16138054435777,1.548606142620324,6.0,151612,18
Todd Tanner,111.0,72.93798449612403,0.0,1.0,74.7751937984496,0.0,1.0,NaN,NaN,0.0,NaN,NaN,0.0,0,1
Hal Sutton,94.625,71.48051205037262,3.6423266018124933,8.0,72.94220135300361,3.3841048013294017,8.0,80.13616147793363,1.5665412247690753,2.0,71.21527540198426,4.012572699281556,2.0,18320,8
Matt Jones,126.0,79.93798449612403,0.0,1.0,72.7751937984496,0.0,1.0,NaN,NaN,0.0,NaN,NaN,0.0,0,1
Tim Clark,37.95454545454545,70.08341515885702,2.7177099182186377,22.0,69.37627401084764,2.620553871400779,22.0,70.27307449156437,2.0418007972124905,18.0,71.09224873322826,3.241544402461608,18.0,1670343,22
Paul Goydos,69.91666666666667,70.10665522303684,2.639603293702238,12.0,70.94456127195498,3.286003637829012,12.0,72.37960700432386,2.1863202545743583,6.0,70.64781593651306,2.2427007911952916,6.0,456476,12
Darren Clarke,29.5,70.56480053658734,2.9538274472757187,10.0,68.77395170099828,3.7431254652490935,10.0,69.92729642992475,1.3741067324169598,9.0,70.17061308477666,3.0510194907100017,9.0,1152521,10
Graeme McDowell,43.09090909090909,69.99173052573096,2.5444146406188914,11.0,70.18430022572235,2.0928446052901313,11.0,70.1475147497331,2.630432455502879,9.0,71.60756136324345,4.454039085890314,9.0,1005736,11
Davis Love III,43.05,70.34804380970914,3.8599076670801513,20.0,69.96875893985182,2.6160220579381424,20.0,69.26240562233934,3.07386750885854,13.0,69.18373225496563,3.186538841613154,13.0,2395367,20
Joel Kribel,72.5,73.15837121212121,0.7549621212121167,2.0,72.59219696969697,2.1944696969696977,2.0,68.0909090909091,0.0,1.0,68.46875,0.0,1.0,112360,2
Arjun Atwal,44.125,69.48513943800027,2.142398315460293,16.0,69.14802843997533,2.7056484634943194,16.0,71.37412721256804,2.043011876698986,15.0,72.06175647614526,2.5697177833850926,15.0,633770,16
Paul McGinley,29.0,69.97514922645531,1.4514185980053973,6.0,68.17270867086786,3.54691746056566,6.0,69.99010232804746,2.3263304435706105,6.0,69.67844611897546,1.8983431166738558,6.0,547184,6
Dicky Pride,62.5,70.93156689989425,3.359074293683937,4.0,70.15105217775648,1.4005013647925677,4.0,71.73116883116883,0.35974025974026347,2.0,75.39866071428571,2.929910714285711,2.0,36931,4
Richard S. Johnson,55.6875,69.52050475738186,2.264896768893006,16.0,71.2393274742144,3.341534637595167,16.0,70.47514079059313,2.190184158434438,9.0,70.98284227159732,2.8512516608985434,9.0,689364,16
Olin Browne,53.0,70.19929315394558,3.179768861073294,25.0,70.86910417495078,3.145448944388212,25.0,70.91798438780074,2.857980113561734,17.0,70.2009297997604,3.0405842222506054,17.0,2063041,25
Matt Kuchar,74.5,71.82627695178842,2.3415430984018393,20.0,71.31980714994283,3.8917780777912285,20.0,69.73118070070245,1.557562219942488,9.0,70.9942433595693,2.411638346511667,9.0,402786,20
Rocco Mediate,51.31578947368421,71.3059153626715,3.0501391708098375,19.0,69.74125948039733,2.310818162693108,19.0,72.10380251486227,3.1570755782340036,14.0,70.12780908896637,2.206079195091794,14.0,608467,19
Peter Tomasulo,37.5,69.88144310754605,0.4780340166369541,2.0,71.38840612002377,4.0093211527034995,2.0,68.21668742216687,0.12577833125778426,2.0,70.25492294520548,2.213827054794521,2.0,55027,2
Tom Scherrer,45.5,68.74395806658131,0.3405489756722133,2.0,70.663652368758,1.7340749039692653,2.0,72.73116883116883,0.6402597402597365,2.0,72.89866071428571,0.570089285714289,2.0,27333,2
Lee Westwood,45.333333333333336,69.15764453203506,3.6078062308667693,12.0,69.47112716680782,2.002938324828534,12.0,71.59952079115338,4.198361393573839,10.0,72.82302833046816,3.3962601469340568,10.0,408302,12
Chris M. Anderson,85.33333333333333,72.06186032109241,2.5067402141228987,21.0,71.03762752581798,2.824139552917029,21.0,74.24798798091228,2.993961696020959,8.0,72.43681790417529,2.0924292260168285,8.0,225847,21
David Edwards,84.55555555555556,72.09082023611447,3.089497581856715,9.0,71.96104234833177,3.513525675306584,9.0,72.94991000227843,1.4416717632245204,4.0,71.17908749145592,2.3101495950408335,4.0,62459,9
Mathias Gronberg,58.11764705882353,69.93105936969808,2.8872323692535367,17.0,70.7356135336374,2.4499297131428186,17.0,70.54188215719766,2.0313701295443196,11.0,71.75712691229297,2.8840920591017536,11.0,391041,17
David Howell,51.666666666666664,71.17299713745717,2.971255400105904,9.0,68.62966435212688,2.1547724174643688,9.0,72.21037580776711,1.9417425114378626,6.0,69.68940648723257,3.0835762682390033,6.0,611950,9
Casey Martin,65.0,70.4034090909091,0.0,1.0,74.39772727272727,0.0,1.0,69.0909090909091,0.0,1.0,69.0,0.0,1.0,10547,1
Gene Sauers,81.33333333333333,72.68048416680786,2.3041716438327526,6.0,72.16739559143636,2.883896410635232,6.0,71.51376167691957,2.5745995541265114,3.0,72.13583959899749,2.945803273071273,3.0,29091,6
Bubba Dickerson,77.0,68.4034090909091,0.0,1.0,75.39772727272727,0.0,1.0,71.0909090909091,0.0,1.0,71.0,0.0,1.0,0,1
Scott Piercy,47.666666666666664,70.22475944497921,1.0036211439923324,3.0,72.28779204256303,3.0320536259036768,3.0,70.8103896103896,0.5601283294317966,3.0,69.64675324675325,0.755089550570667,3.0,38500,3
Jay Delsing,55.27272727272727,70.22060202688759,2.140343568419261,11.0,70.42324522581012,2.096492712843001,11.0,71.58767839523247,2.2475405109947,8.0,71.07082996567856,3.937522132293249,8.0,230851,11
Colby Myers,82.5,72.59737586142235,2.42707728690724,8.0,71.23224907765464,2.3499922812952474,8.0,72.37380835380836,3.2662852273418896,4.0,72.5172072072072,1.3511163128933985,4.0,57448,8
Robin Freeman,80.75,71.81913795954299,3.0166082533229734,8.0,71.37057980616007,1.631741906850907,8.0,73.595553995554,4.096133004698102,3.0,72.4969111969112,2.0033802921369035,3.0,17258,8
Glen Day,65.78260869565217,71.62296015876588,3.5278386352668925,23.0,70.28397289141262,2.663366384833213,23.0,72.36201717354619,2.1616955733359156,14.0,71.02438994254376,3.3691686113518156,14.0,370221,23
Mike Heinen,109.0,72.3342028546668,2.3390648697356835,7.0,73.45145847188198,4.00237812405321,7.0,72.98701298701299,0.10389610389610482,2.0,73.2987012987013,0.298701298701296,2.0,6300,7
Sandy Lyle,66.66666666666667,71.87418374636115,0.6965074750658685,3.0,71.80791547162515,3.776437400397804,3.0,71.05170454545456,2.0392045454545453,2.0,73.71875,0.71875,2.0,50310,3
John E. Morgan,105.54545454545455,72.08772917999467,2.483315430961217,11.0,72.97799799851033,2.31566233492766,11.0,73.01120393120392,1.0373794156690364,3.0,72.11645645645645,0.7340544422673954,3.0,21030,11
Steve Stricker,69.0,71.61358991792767,2.7756203008439093,20.0,70.17013738041616,3.134175441768161,20.0,71.48236240556093,2.5138062393117653,10.0,71.46458365246639,1.9845923162975447,10.0,386890,20
Garrett Willis,83.0,71.78951623001696,3.389631512796621,7.0,72.65625393173259,2.739051590238304,7.0,70.44599377230956,1.3107722270513769,4.0,72.9249791144528,3.3731563083914122,4.0,52251,7
Brett Boner,114.0,76.4034090909091,0.0,1.0,72.39772727272727,0.0,1.0,70.0909090909091,0.0,1.0,70.0,0.0,1.0,0,1
David Frost,81.375,72.23452613314922,3.704666661163369,8.0,71.67668287514545,4.857010433952112,8.0,73.80537608225109,1.944792446293963,4.0,71.95151785714286,2.7254157187927026,4.0,111258,8
Steve Scott,124.0,73.4034090909091,0.0,1.0,69.39772727272727,0.0,1.0,77.0909090909091,0.0,1.0,77.0,0.0,1.0,0,1
Esteban Toledo,79.83333333333333,70.05949728636372,1.446055078466136,6.0,73.02337616513897,3.78185588712587,6.0,73.39095465937571,2.604974393852706,3.0,72.54812030075188,3.005236790886107,3.0,76887,6
Grant Waite,83.66666666666667,71.24035109464418,1.4575700510686573,6.0,71.9440333428899,4.2356779846910095,6.0,73.00221915353495,3.5277107498948315,4.0,71.26883855831224,1.7240667585515728,4.0,38855,6
Brian Watts,106.0,73.57529289445793,3.2058454186805596,5.0,72.71475326562586,2.0902350414053448,5.0,74.63636363636364,0.5454545454545467,2.0,73.43506493506493,0.5649350649350637,2.0,8170,5
Brian Henninger,93.5,72.42651074700493,3.9768983439041605,2.0,74.57095665961944,0.17322938689218148,2.0,71.66545454545454,1.5745454545454507,2.0,70.57333333333332,0.5733333333333306,2.0,7236,2
John Maginnes,119.11764705882354,74.16819151906944,3.6645001493207663,17.0,73.44807695214433,2.7004935297589197,17.0,70.40071770334929,1.690191387559807,2.0,73.15789473684211,1.1578947368421026,2.0,10080,17
Roger Maltbie,137.0,70.4034090909091,0.0,1.0,73.39772727272727,0.0,1.0,77.0909090909091,0.0,1.0,77.0,0.0,1.0,0,1
Keith Clearwater,119.0,72.46063311688312,1.9427759740259773,2.0,73.98457792207792,0.41314935064934843,2.0,73.0909090909091,0.0,1.0,73.0,0.0,1.0,0,2
Per-Ulrik Johansson,68.0,70.84443282525275,2.421379635187132,6.0,71.11492976112494,2.957685943012356,6.0,72.03823170120639,1.1632440802406219,4.0,70.98164461930286,1.4807733725302323,4.0,126640,6
Jim McGovern,95.0,73.15971981263013,3.2436892782789712,2.0,71.43168806384455,0.9660392088827194,2.0,70.48701298701299,2.603896103896105,2.0,75.7987012987013,2.798701298701296,2.0,7932,2
Jeff Quinney,143.0,72.4034090909091,0.0,1.0,75.39772727272727,0.0,1.0,74.0909090909091,0.0,1.0,74.0,0.0,1.0,0,1
Stuart Smith,143.0,75.4034090909091,0.0,1.0,73.39772727272727,0.0,1.0,73.0909090909091,0.0,1.0,73.0,0.0,1.0,0,1
Willie Wood,118.75,75.17059634042359,2.5778954821823237,4.0,73.59855721021685,2.7175684549403454,4.0,73.0909090909091,0.0,1.0,73.0,0.0,1.0,0,4
Guy Boros,86.2,71.31658100016942,3.906052795530437,5.0,73.6706115518289,3.6964663680745127,5.0,71.32391585023164,1.4215206497389028,4.0,72.99218690666059,1.4566118326902606,4.0,27765,5
George Burns,155.0,71.4034090909091,0.0,1.0,74.39772727272727,0.0,1.0,77.0909090909091,0.0,1.0,77.0,0.0,1.0,0,1
Blaine McCallister,80.66666666666667,72.89496193175204,3.769352561958016,9.0,70.74198142774283,1.9264313080695465,9.0,72.41802098381045,2.353340798893803,6.0,71.72600738390211,1.337341676865714,6.0,64253,9
Brenden Pappas,68.57142857142857,70.90742895512109,3.407759272312539,14.0,71.22918900501529,2.680881186136992,14.0,72.57009733942515,2.3201984038522916,11.0,70.96083135126878,2.3610313965865477,11.0,279340,14
Stan Utley,134.0,72.95170454545455,2.4517045454545467,2.0,72.52452153110048,0.12679425837320935,2.0,75.0909090909091,0.0,1.0,75.0,0.0,1.0,0,2
Chez Reavie,161.0,74.4034090909091,0.0,1.0,74.39772727272727,0.0,1.0,75.0909090909091,0.0,1.0,75.0,0.0,1.0,0,1
J.R. Ruda,161.0,73.4034090909091,0.0,1.0,76.39772727272727,0.0,1.0,74.0909090909091,0.0,1.0,74.0,0.0,1.0,0,1
Rick Leibovich,165.0,78.4034090909091,0.0,1.0,73.39772727272727,0.0,1.0,73.0909090909091,0.0,1.0,73.0,0.0,1.0,0,1
Craig Bowden,77.53846153846153,72.71366376486485,4.064697570782088,13.0,70.73420227677965,3.1461158948955,13.0,71.5495744532344,2.1336923531665053,7.0,71.63158238211322,2.8572846448691767,7.0,199911,13
Mike Springer,87.5,69.43319323964839,3.090897242241171,4.0,74.07533964595737,3.6758991851555893,4.0,73.56151742993849,0.5042110935893226,3.0,73.30439735702895,1.988079635602808,3.0,59269,4
Jeff Brehaut,59.2,70.5050299776266,3.587694395619027,20.0,71.37076160738525,2.636751098498889,20.0,70.72448807433737,2.8430339056920215,12.0,70.78681470987004,2.961722295395203,12.0,918851,20
Mike Hulbert,119.75,73.63944777291866,3.4993468351193115,4.0,76.03507002529976,2.927847372856606,4.0,75.48701298701299,2.396103896103895,2.0,72.2987012987013,0.701298701298704,2.0,6030,4
Tim Huber,175.0,73.4034090909091,0.0,1.0,84.39772727272727,0.0,1.0,79.0909090909091,0.0,1.0,79.0,0.0,1.0,0,1
David Duval,119.53333333333333,75.49220664341621,4.641401087198982,15.0,74.86137157948775,3.211118671170697,15.0,71.8968058968059,2.1941031941031923,2.0,74.60135135135135,0.6013513513513544,2.0,11507,15
Bob Burns,85.46666666666667,71.55971794024903,1.9682513566351976,15.0,71.58533631251984,1.242607762596403,15.0,73.39095231042089,2.7920997001365166,5.0,74.76229858568198,2.5321718860426734,5.0,44407,15
Ben Portie,56.0,70.08450704225352,0.0,1.0,69.92957746478874,0.0,1.0,74.37142857142857,0.0,1.0,74.32857142857142,0.0,1.0,6780,1
Notah Begay III,102.27272727272727,72.91533826182177,3.3212325190380856,11.0,73.17581295495823,2.498818641033631,11.0,71.89524514729995,1.979964442903765,4.0,73.48898291638018,0.9596240370755251,4.0,34545,11
Ryan Dillon,69.0,72.08450704225352,0.0,1.0,69.92957746478874,0.0,1.0,78.37142857142857,0.0,1.0,75.32857142857142,0.0,1.0,6060,1
Tetsuji Hiratsuka,71.0,73.08450704225352,0.0,1.0,70.92957746478874,0.0,1.0,NaN,NaN,0.0,NaN,NaN,0.0,0,1
David Berganio Jr.,83.0,74.08450704225352,0.0,1.0,70.92957746478874,0.0,1.0,NaN,NaN,0.0,NaN,NaN,0.0,0,1
Wes Short Jr.,68.76923076923077,71.03422473858299,2.366039957459967,13.0,71.43025419673133,2.383405175926634,13.0,72.28447544510779,2.0080794476047834,6.0,70.87460634213268,2.323555786062124,6.0,309640,13
Aaron Watkins,83.0,75.08450704225352,0.0,1.0,69.92957746478874,0.0,1.0,NaN,NaN,0.0,NaN,NaN,0.0,0,1
Rich Barcelo,92.66666666666667,74.55972143343935,2.964867162257768,3.0,70.53971466568227,3.747442736518141,3.0,74.61111111111111,0.0,1.0,73.05555555555556,0.0,1.0,6945,3
Danny Ellis,72.16666666666667,72.5748048997853,2.6788703124639595,6.0,69.46172807094509,2.4638558435393585,6.0,74.98570063805003,4.0064103370997755,4.0,71.69779385942036,3.088407179898209,4.0,36956,6
Tripp Isenhour,94.57142857142857,72.25979546599987,2.0573411034063467,7.0,72.29590441607613,3.1606995275185894,7.0,74.89082503556187,2.188122332859173,2.0,71.14082503556187,1.061877667140827,2.0,14448,7
David Peoples,75.36363636363636,71.14630422753497,2.1314111032705405,11.0,72.02521266974533,1.9579781362316324,11.0,70.78040015540014,2.0612072255235243,4.0,69.71926684426684,1.514218931085822,4.0,127907,11
Jimmy Walker,79.14285714285714,71.21371095519194,3.220835637659786,7.0,73.14561006850663,4.4562782875197,7.0,69.1704347826087,0.4237681159420248,2.0,71.49101449275364,0.5489855072463783,2.0,145950,7
Gabriel Hjertstedt,116.0,71.74410855202495,0.4838948374695115,3.0,75.9131990602259,1.1253810844747067,3.0,NaN,NaN,0.0,NaN,NaN,0.0,0,3
Tom Kalinowski,114.0,73.08450704225352,0.0,1.0,74.92957746478874,0.0,1.0,NaN,NaN,0.0,NaN,NaN,0.0,0,1
Chris Kamin,126.0,79.08450704225352,0.0,1.0,70.92957746478874,0.0,1.0,NaN,NaN,0.0,NaN,NaN,0.0,0,1
Bob Sowards,104.42857142857143,73.8482841624487,0.8526957315856345,7.0,73.28990766679104,1.744038504926232,7.0,75.06953355297381,0.09485000867001503,2.0,74.21709727761402,1.8335356337783892,2.0,19162,7
Derek Nannen,139.0,77.08450704225352,0.0,1.0,78.92957746478874,0.0,1.0,NaN,NaN,0.0,NaN,NaN,0.0,0,1
David Yarnes,139.0,76.08450704225352,0.0,1.0,79.92957746478874,0.0,1.0,NaN,NaN,0.0,NaN,NaN,0.0,0,1
Jose Coceres,91.45,71.91231410486765,2.2988548751568123,20.0,72.98133748278192,3.396244814819423,20.0,70.97454716838496,2.9466853666469173,6.0,73.0233763031324,3.51960108872443,6.0,192372,20
Patrick Duty,142.0,82.08450704225352,0.0,1.0,85.92957746478874,0.0,1.0,NaN,NaN,0.0,NaN,NaN,0.0,0,1
Angel Cabrera,49.625,70.96838934370871,2.6113509206029413,8.0,71.00341557828936,2.4172741184100226,8.0,70.26016238260114,2.300393033822828,5.0,69.59279469035054,0.9660663949188024,5.0,326636,8
Scott Hoch,32.0,69.55944055944056,0.0,1.0,71.46853146853147,0.0,1.0,72.4390243902439,0.0,1.0,70.08536585365853,0.0,1.0,31130,1
Nick Price,54.5,70.52392298386442,2.8814135286665987,14.0,70.12634525550519,2.300480703741263,14.0,70.27495473806466,2.411063968675323,9.0,71.84080697126183,3.500941084070017,9.0,583770,14
Erik Compton,44.0,71.55944055944056,0.0,1.0,69.46853146853147,0.0,1.0,71.4390243902439,0.0,1.0,74.08536585365853,0.0,1.0,15895,1
Padraig Harrington,52.69230769230769,70.5613421150101,2.176997380494447,13.0,70.69360318575376,3.3832148729508984,13.0,71.5424637126407,3.5923872241920907,9.0,70.73966819172776,4.055442403754094,9.0,2519408,13
Marco Dawson,56.45454545454545,69.9450971932964,2.3586525964200167,22.0,71.28584572011998,3.042551610914644,22.0,71.75183626109342,2.9515950244169757,17.0,71.67475334431064,2.0420241298384196,17.0,511064,22
Rick Heath,81.0,73.55944055944056,0.0,1.0,68.46853146853147,0.0,1.0,75.4390243902439,0.0,1.0,80.08536585365853,0.0,1.0,9735,1
Trevor Immelman,51.666666666666664,70.58260160948322,3.7856570573262425,12.0,70.70480585689036,2.4910608926155433,12.0,70.37860572051918,2.5282722081876265,8.0,69.41863751787339,2.68858727015899,8.0,681517,12
Camilo Villegas,61.5,72.45713963455898,0.10230092488156828,2.0,69.73426573426573,2.7342657342657333,2.0,70.45714285714286,0.0,1.0,71.34285714285714,0.0,1.0,16300,2
Alan Morin,114.0,73.38228438228438,0.17715617715617782,2.0,72.50029137529137,0.03175990675990903,2.0,NaN,NaN,0.0,NaN,NaN,0.0,0,2
John C. Nelson,122.0,75.55944055944056,0.0,1.0,73.46853146853147,0.0,1.0,NaN,NaN,0.0,NaN,NaN,0.0,0,1
Curt Saathoff,122.0,78.55944055944056,0.0,1.0,70.46853146853147,0.0,1.0,NaN,NaN,0.0,NaN,NaN,0.0,0,1
Michael Bradley,85.0,73.41360735678126,3.084558198162585,4.0,72.12357112253999,2.9355031747798153,4.0,70.29682159945318,2.413704716336298,2.0,73.9565960355434,1.6408065618591934,2.0,25254,4
Akio Sadakata,101.0,73.20114885114884,2.358291708291709,2.0,72.04855144855145,4.4199800199800166,2.0,73.70270270270271,0.0,1.0,71.20270270270271,0.0,1.0,7315,2
Steve LeBrun,141.0,75.55944055944056,0.0,1.0,78.46853146853147,0.0,1.0,NaN,NaN,0.0,NaN,NaN,0.0,0,1
Dean Prowse,143.0,77.55944055944056,0.0,1.0,77.46853146853147,0.0,1.0,NaN,NaN,0.0,NaN,NaN,0.0,0,1
Kevin Johnson,65.0,72.5774647887324,0.0,1.0,69.17605633802818,0.0,1.0,73.64556962025317,0.0,1.0,74.17721518987342,0.0,1.0,11330,1
Nick Faldo,44.75,71.99042582105537,1.214394035497505,4.0,70.85865373693775,1.248743518761551,4.0,72.39606336739364,1.8938166065727535,3.0,70.03417335597406,2.2225610786387766,3.0,184649,4
Ricky Barnes,100.0,74.5774647887324,0.0,1.0,72.17605633802818,0.0,1.0,NaN,NaN,0.0,NaN,NaN,0.0,0,1
Bob Ford,119.33333333333333,73.49757930713228,1.485082081885523,3.0,75.41477983471248,4.330959439075027,3.0,NaN,NaN,0.0,NaN,NaN,0.0,0,3
Jeffrey Yeckes,114.0,76.5774647887324,0.0,1.0,72.17605633802818,0.0,1.0,NaN,NaN,0.0,NaN,NaN,0.0,0,1
Gene Fieger,134.0,77.5774647887324,0.0,1.0,75.17605633802818,0.0,1.0,NaN,NaN,0.0,NaN,NaN,0.0,0,1
Lee Rinker,116.5,72.47055057618438,1.1069142125480198,2.0,74.73413206511799,4.441924272910192,2.0,NaN,NaN,0.0,NaN,NaN,0.0,0,2
T.J. Wilson,141.0,76.5774647887324,0.0,1.0,79.17605633802818,0.0,1.0,NaN,NaN,0.0,NaN,NaN,0.0,0,1
Nick Dougherty,54.8,69.38261937338025,2.9666668438571215,5.0,72.48197914404436,3.6356444353528783,5.0,70.46544688069045,0.703628258090857,4.0,70.71965189952357,0.15622691122204616,4.0,118417,5
Nick O'Hern,43.63636363636363,70.27269004316614,3.296026889228147,11.0,69.51828526543721,1.9768009088718876,11.0,71.77397313507333,1.9038610847855657,9.0,70.8505050430595,2.9159817072175103,9.0,649202,11
Richard Green,54.2,71.12152137276584,3.117322219352953,10.0,70.50469459218276,2.991261524608104,10.0,71.79917215790988,2.068385885074417,8.0,71.26396103058478,2.355551671977976,8.0,330807,10
Jay Overton,71.0,76.79464285714286,0.0,1.0,68.6875,0.0,1.0,NaN,NaN,0.0,NaN,NaN,0.0,0,1
Michael Sim,71.0,69.79464285714286,0.0,1.0,75.6875,0.0,1.0,NaN,NaN,0.0,NaN,NaN,0.0,0,1
Patrick Damron,101.0,73.5791396103896,0.7844967532467493,2.0,71.9898538961039,2.697646103896105,2.0,NaN,NaN,0.0,NaN,NaN,0.0,0,2
Brett Rumford,89.0,71.79464285714286,0.0,1.0,75.6875,0.0,1.0,NaN,NaN,0.0,NaN,NaN,0.0,0,1
Miguel Angel Jimenez,55.57142857142857,70.65687993403063,2.4939693810018744,7.0,70.91476349140497,1.302653015473823,7.0,73.49045282092807,4.015481704147002,6.0,69.05126048620046,2.453850430734632,6.0,196398,7
Ryan Moore,53.07692307692308,70.14207033332949,2.4308533741268152,13.0,71.29731974475948,3.1314331488685094,13.0,71.29611986137148,2.5769237486089898,9.0,69.29837444137486,1.3172527507117455,9.0,633717,13
Thomas Bjorn,35.6,68.17186705767351,1.2659890394121662,5.0,68.57576992899574,3.3485055093892733,5.0,68.83596788601058,4.20517978292115,4.0,72.32893276541972,4.315610399772788,4.0,734267,5
Shingo Katayama,46.666666666666664,68.81962481962482,0.47557782202527277,3.0,68.97804972804973,3.865343917301167,3.0,72.70481012658229,0.1351898734177226,2.0,71.49392405063291,2.2660759493670923,2.0,96020,3
Luke List,77.5,75.62687312687312,1.7367632367632382,2.0,67.20104895104896,0.09115884115883688,2.0,77.84,0.0,1.0,68.76,0.0,1.0,0,2
Joakim Haeggman,80.0,74.6095710740872,1.280538816022684,2.0,71.5130095710741,1.4031194611839766,2.0,NaN,NaN,0.0,NaN,NaN,0.0,3877,2
Raymond Floyd,64.0,72.89010989010988,0.0,1.0,74.10989010989012,0.0,1.0,NaN,NaN,0.0,NaN,NaN,0.0,3877,1
Jack Nicklaus,89.66666666666667,74.0730473827248,0.6943260009056349,3.0,74.41502225373193,2.175632567543462,3.0,NaN,NaN,0.0,NaN,NaN,0.0,3877,3
Tom Watson,57.5,73.6095710740872,0.28053881602268405,2.0,72.0130095710741,2.0968805388160234,2.0,70.0125,0.0,1.0,71.4375,0.0,1.0,30120,2
Ben Crenshaw,82.0,72.89010989010988,0.0,1.0,78.10989010989012,0.0,1.0,NaN,NaN,0.0,NaN,NaN,0.0,3877,1
Ian Woosnam,91.0,73.1095710740872,1.780538816022684,2.0,75.5130095710741,0.5968805388160234,2.0,NaN,NaN,0.0,NaN,NaN,0.0,3877,2
Austin Eaton III,85.0,77.89010989010988,0.0,1.0,75.10989010989012,0.0,1.0,NaN,NaN,0.0,NaN,NaN,0.0,0,1
Tommy Aaron,87.0,75.89010989010988,0.0,1.0,80.10989010989012,0.0,1.0,NaN,NaN,0.0,NaN,NaN,0.0,3877,1
Fuzzy Zoeller,88.0,80.89010989010988,0.0,1.0,76.10989010989012,0.0,1.0,NaN,NaN,0.0,NaN,NaN,0.0,3877,1
Stuart Wilson,89.0,78.89010989010988,0.0,1.0,80.10989010989012,0.0,1.0,NaN,NaN,0.0,NaN,NaN,0.0,0,1
Gary Player,90.0,84.89010989010988,0.0,1.0,77.10989010989012,0.0,1.0,NaN,NaN,0.0,NaN,NaN,0.0,3877,1
Charles Coody,91.0,84.89010989010988,0.0,1.0,81.10989010989012,0.0,1.0,NaN,NaN,0.0,NaN,NaN,0.0,3877,1
Brandt Snedeker,89.5,71.86931818181819,2.49431818181818,2.0,70.6695413961039,0.6226663961038952,2.0,67.74666666666667,0.0,1.0,76.04,0.0,1.0,12731,2
Doug Tewell,73.0,70.375,0.0,1.0,71.046875,0.0,1.0,76.74666666666667,0.0,1.0,74.04,0.0,1.0,10088,1
Tim O'Neal,88.0,74.375,0.0,1.0,70.046875,0.0,1.0,NaN,NaN,0.0,NaN,NaN,0.0,0,1
Fulton Allem,95.0,73.60296255906944,2.1895311240014084,3.0,72.36131747546347,2.2816252808531834,3.0,NaN,NaN,0.0,NaN,NaN,0.0,0,3
Ian Leggatt,82.18181818181819,70.86758105867692,3.3761764271309516,11.0,71.89346196750527,2.5738425686468482,11.0,69.3323740962815,0.5788160114506118,3.0,72.5107366693809,2.308142126293965,3.0,63283,11
Bob Boyd,110.0,73.375,0.0,1.0,75.046875,0.0,1.0,NaN,NaN,0.0,NaN,NaN,0.0,0,1
Aron Price,94.0,75.14551526717557,0.2294847328244245,2.0,71.75626192748092,1.2906130725190863,2.0,NaN,NaN,0.0,NaN,NaN,0.0,0,2
Kelly Mitchum,128.8,76.0669886889504,1.7248606479037671,5.0,74.27039399834827,2.3108096543757193,5.0,NaN,NaN,0.0,NaN,NaN,0.0,0,5
Tom Iredell,128.0,81.375,0.0,1.0,72.046875,0.0,1.0,NaN,NaN,0.0,NaN,NaN,0.0,0,1
David Lundstrom,74.0,70.46064425770308,2.617787114845939,2.0,71.4842203548086,0.1443510737628415,2.0,68.70270270270271,0.0,1.0,76.20270270270271,0.0,1.0,7000,2
Chris Stroud,104.0,73.07843137254902,0.0,1.0,73.33986928104575,0.0,1.0,NaN,NaN,0.0,NaN,NaN,0.0,0,1
Kyle Willmann,108.5,72.72103386809269,2.35739750445633,2.0,72.31603853662676,0.97616925558102,2.0,NaN,NaN,0.0,NaN,NaN,0.0,0,2
Javier Sanchez,117.0,72.07843137254902,0.0,1.0,75.33986928104575,0.0,1.0,NaN,NaN,0.0,NaN,NaN,0.0,0,1
Scott Dunlap,74.5,69.218954248366,4.859477124183009,2.0,74.359477124183,0.019607843137258385,2.0,68.34246575342466,0.0,1.0,67.04109589041096,0.0,1.0,42625,2
Chris Peddicord,125.0,74.07843137254902,0.0,1.0,74.33986928104575,0.0,1.0,NaN,NaN,0.0,NaN,NaN,0.0,0,1
John Gibson,130.0,72.07843137254902,0.0,1.0,77.33986928104575,0.0,1.0,NaN,NaN,0.0,NaN,NaN,0.0,0,1
Ken Green,114.33333333333333,72.67404666060685,2.488950461378233,3.0,72.19352968134312,3.167774150339632,3.0,NaN,NaN,0.0,NaN,NaN,0.0,0,3
Tjaart Van der Walt,83.17647058823529,72.33967439358929,2.9277936019566044,17.0,71.63755534993753,3.333721079336599,17.0,73.273728252233,2.976794302118447,8.0,70.93179463029938,3.096196599890915,8.0,528858,17
Marco Gortana,139.0,76.07843137254902,0.0,1.0,75.33986928104575,0.0,1.0,NaN,NaN,0.0,NaN,NaN,0.0,0,1
Phil Blackmar,149.0,75.07843137254902,0.0,1.0,77.33986928104575,0.0,1.0,NaN,NaN,0.0,NaN,NaN,0.0,0,1
Henrik Simonsen,152.0,79.07843137254902,0.0,1.0,74.33986928104575,0.0,1.0,NaN,NaN,0.0,NaN,NaN,0.0,0,1
Kelly Grunewald,59.0,72.56666666666666,0.0,1.0,70.14666666666666,0.0,1.0,74.1566265060241,0.0,1.0,71.10843373493977,0.0,1.0,11935,1
Ahmad Bateman,82.0,74.56666666666666,0.0,1.0,69.14666666666666,0.0,1.0,78.1566265060241,0.0,1.0,76.10843373493977,0.0,1.0,9625,1
Kelly Gibson,106.5,72.7413486005089,0.8253180661577559,2.0,74.30615776081424,0.1594910941475831,2.0,NaN,NaN,0.0,NaN,NaN,0.0,0,2
Derek Sanders,124.0,75.56666666666666,0.0,1.0,73.14666666666666,0.0,1.0,NaN,NaN,0.0,NaN,NaN,0.0,0,1
Patrick Prince,146.0,76.56666666666666,0.0,1.0,76.14666666666666,0.0,1.0,NaN,NaN,0.0,NaN,NaN,0.0,0,1
Phil Schmitt,132.0,77.00813953488372,0.5585271317829452,2.0,74.44542635658914,0.701240310077516,2.0,NaN,NaN,0.0,NaN,NaN,0.0,0,2
Tommy Tolles,146.0,77.56666666666666,0.0,1.0,75.14666666666666,0.0,1.0,NaN,NaN,0.0,NaN,NaN,0.0,0,1
Heath West,150.0,77.56666666666666,0.0,1.0,81.14666666666666,0.0,1.0,NaN,NaN,0.0,NaN,NaN,0.0,0,1
Reed Hughes,151.0,79.56666666666666,0.0,1.0,81.14666666666666,0.0,1.0,NaN,NaN,0.0,NaN,NaN,0.0,0,1
Simon Nash,106.0,73.23509933774835,0.20860927152317998,2.0,71.98013245033113,0.6092715231788048,2.0,NaN,NaN,0.0,NaN,NaN,0.0,0,2
Todd Barranger,100.0,72.02649006622516,0.0,1.0,74.37086092715232,0.0,1.0,NaN,NaN,0.0,NaN,NaN,0.0,0,1
Jerry Haas,137.0,78.02649006622516,0.0,1.0,72.37086092715232,0.0,1.0,NaN,NaN,0.0,NaN,NaN,0.0,0,1
Stephen Woodard,137.0,75.02649006622516,0.0,1.0,75.37086092715232,0.0,1.0,NaN,NaN,0.0,NaN,NaN,0.0,0,1
Randy Joyner,151.0,85.02649006622516,0.0,1.0,81.37086092715232,0.0,1.0,NaN,NaN,0.0,NaN,NaN,0.0,0,1
Jaxon Brigman,27.0,70.1569192397007,1.7132106304291739,2.0,66.99924744130041,1.5901565322095124,2.0,68.51084637268848,3.8134779516358464,2.0,68.86397581792318,0.701813655761022,2.0,162961,2
Jason Hartwick,72.0,65.87012987012987,0.0,1.0,71.4090909090909,0.0,1.0,78.69736842105263,0.0,1.0,70.5657894736842,0.0,1.0,12090,1
Perry Arthur,92.0,71.87012987012987,0.0,1.0,69.4090909090909,0.0,1.0,NaN,NaN,0.0,NaN,NaN,0.0,0,1
Clark Dennis,109.0,71.3564935064935,1.5136363636363654,2.0,71.51883116883117,1.1097402597402635,2.0,NaN,NaN,0.0,NaN,NaN,0.0,0,2
Matt Weibring,118.0,72.87012987012987,0.0,1.0,70.4090909090909,0.0,1.0,NaN,NaN,0.0,NaN,NaN,0.0,0,1
Colby Beckstrom,90.5,71.051193967323,0.8189359028068708,2.0,72.58196480938416,0.8271260997067458,2.0,72.20253164556962,0.0,1.0,72.20253164556962,0.0,1.0,11095,2
Brian Madison,148.0,69.87012987012987,0.0,1.0,78.4090909090909,0.0,1.0,NaN,NaN,0.0,NaN,NaN,0.0,0,1
Lindy Miller,150.0,76.87012987012987,0.0,1.0,73.4090909090909,0.0,1.0,NaN,NaN,0.0,NaN,NaN,0.0,0,1
Dean Larsson,152.0,77.87012987012987,0.0,1.0,73.4090909090909,0.0,1.0,NaN,NaN,0.0,NaN,NaN,0.0,0,1
Jamie Elliott,154.0,72.87012987012987,0.0,1.0,79.4090909090909,0.0,1.0,NaN,NaN,0.0,NaN,NaN,0.0,0,1
Tom Purtzer,21.0,70.51785714285714,0.0,1.0,70.57142857142857,0.0,1.0,69.61111111111111,0.0,1.0,64.58333333333333,0.0,1.0,58240,1
Rod Curl,112.0,81.51785714285714,0.0,1.0,79.57142857142857,0.0,1.0,NaN,NaN,0.0,NaN,NaN,0.0,0,1
Stephen Gangluff,44.0,67.44370860927152,0.0,1.0,69.58940397350993,0.0,1.0,70.32432432432432,0.0,1.0,70.16216216216216,0.0,1.0,14161,1
Ted Tryba,68.0,69.90159286672727,0.45788425745573846,2.0,69.48424447041509,0.10515950309483202,2.0,71.32432432432432,0.0,1.0,70.16216216216216,0.0,1.0,10437,2
Roberto Coceres,75.0,70.44370860927152,0.0,1.0,69.58940397350993,0.0,1.0,NaN,NaN,0.0,NaN,NaN,0.0,0,1
Vance Veazey,96.0,71.44370860927152,0.0,1.0,70.58940397350993,0.0,1.0,NaN,NaN,0.0,NaN,NaN,0.0,0,1
Andrew Pratt,114.0,73.44370860927152,0.0,1.0,70.58940397350993,0.0,1.0,NaN,NaN,0.0,NaN,NaN,0.0,0,1
Dan Chartrand,141.0,71.44370860927152,0.0,1.0,76.58940397350993,0.0,1.0,NaN,NaN,0.0,NaN,NaN,0.0,0,1
Jim Gallagher Jr.,116.6,74.11148271244546,2.3057485740141415,5.0,73.95212643676737,3.3726881584358046,5.0,NaN,NaN,0.0,NaN,NaN,0.0,0,5
James H. McLean,102.2,73.77963492022779,3.161635349737188,5.0,73.19884839249173,3.044036906461571,5.0,67.34246575342466,0.0,1.0,72.04109589041096,0.0,1.0,18000,5
Rob Hessing,145.0,75.44370860927152,0.0,1.0,75.58940397350993,0.0,1.0,NaN,NaN,0.0,NaN,NaN,0.0,0,1
Mickey Barker,149.0,74.44370860927152,0.0,1.0,79.58940397350993,0.0,1.0,NaN,NaN,0.0,NaN,NaN,0.0,0,1
Kip Henley,150.0,77.44370860927152,0.0,1.0,78.58940397350993,0.0,1.0,NaN,NaN,0.0,NaN,NaN,0.0,0,1
Mike Bennett,151.0,78.44370860927152,0.0,1.0,83.58940397350993,0.0,1.0,NaN,NaN,0.0,NaN,NaN,0.0,0,1
Paul Sheehan,61.0,73.0,0.0,1.0,71.21904761904761,0.0,1.0,73.9746835443038,0.0,1.0,73.0506329113924,0.0,1.0,11715,1
Brad Adamonis,143.0,77.55948641765704,2.0792232597623084,2.0,75.33960101867572,3.247495755517832,2.0,NaN,NaN,0.0,NaN,NaN,0.0,0,2
Dirk Schultz,131.0,73.48026315789474,0.0,1.0,74.09210526315789,0.0,1.0,NaN,NaN,0.0,NaN,NaN,0.0,0,1
Rick Schuller,147.0,73.48026315789474,0.0,1.0,76.09210526315789,0.0,1.0,NaN,NaN,0.0,NaN,NaN,0.0,0,1
Wayne DeFrancesco,152.0,78.48026315789474,0.0,1.0,73.09210526315789,0.0,1.0,NaN,NaN,0.0,NaN,NaN,0.0,0,1
Michael Campbell,25.2,68.88949725356458,1.7010020873495326,5.0,68.52770495049597,2.953405306625755,5.0,70.16994097547513,3.8953713203119187,5.0,69.92038534277056,3.874326940265457,5.0,1661810,5
Peter Hedblom,11.0,72.36363636363636,0.0,1.0,62.29220779220779,0.0,1.0,66.27710843373494,0.0,1.0,70.5421686746988,0.0,1.0,123857,1
Matt Every,28.0,70.36363636363636,0.0,1.0,69.29220779220779,0.0,1.0,69.27710843373494,0.0,1.0,65.5421686746988,0.0,1.0,0,1
Colin Montgomerie,33.0,68.48949725356458,3.462025143208082,5.0,68.92770495049596,1.7906586640810807,5.0,68.32002115605277,1.0343218355055426,4.0,69.09351965314676,1.67753910065036,4.0,1268336,5
Jason Gore,53.285714285714285,68.32751213941312,2.559480670066671,7.0,68.88916669604643,3.3928781140155393,7.0,71.53633255669895,3.2326514454447755,5.0,74.17034442698744,3.2187813473829685,5.0,845702,7
Soren Kjeldsen,52.0,69.36363636363636,0.0,1.0,67.29220779220779,0.0,1.0,73.27710843373494,0.0,1.0,68.5421686746988,0.0,1.0,17667,1
Jonathan Lomas,57.0,67.36363636363636,0.0,1.0,70.29220779220779,0.0,1.0,71.27710843373494,0.0,1.0,70.5421686746988,0.0,1.0,15223,1
Keiichiro Fukabori,57.0,69.36363636363636,0.0,1.0,63.29220779220779,0.0,1.0,71.27710843373494,0.0,1.0,75.5421686746988,0.0,1.0,15223,1
John Mallinger,67.0,69.36363636363636,0.0,1.0,68.29220779220779,0.0,1.0,69.27710843373494,0.0,1.0,73.5421686746988,0.0,1.0,13553,1
Chris Nallen,80.0,71.36363636363636,0.0,1.0,68.29220779220779,0.0,1.0,74.27710843373494,0.0,1.0,70.5421686746988,0.0,1.0,10547,1
Derek Brown,84.0,70.36363636363636,0.0,1.0,70.29220779220779,0.0,1.0,NaN,NaN,0.0,NaN,NaN,0.0,0,1
Peter Hanson,59.0,70.63259894227636,0.5193905641262135,3.0,69.91346270217237,1.4497042921983523,3.0,70.79106012658228,0.2214398734177223,2.0,69.8326740506329,0.6048259493670898,2.0,51891,3
Robert Karlsson,84.0,70.36363636363636,0.0,1.0,70.29220779220779,0.0,1.0,NaN,NaN,0.0,NaN,NaN,0.0,0,1
Eric Meichtry,84.0,70.36363636363636,0.0,1.0,70.29220779220779,0.0,1.0,NaN,NaN,0.0,NaN,NaN,0.0,0,1
Jerry Smith,84.0,73.36363636363636,0.0,1.0,67.29220779220779,0.0,1.0,NaN,NaN,0.0,NaN,NaN,0.0,0,1
Troy Kelly,99.0,78.36363636363636,0.0,1.0,63.29220779220779,0.0,1.0,NaN,NaN,0.0,NaN,NaN,0.0,0,1
Trip Kuehne,99.0,70.36363636363636,0.0,1.0,71.29220779220779,0.0,1.0,NaN,NaN,0.0,NaN,NaN,0.0,0,1
Spencer Levin,75.28571428571429,70.59470444508099,3.0003783729520133,7.0,71.92044920148784,1.908944567914128,7.0,70.8920153920154,2.2165084879321664,3.0,70.84102934102934,1.9772165578287602,3.0,78082,7
Jose-Filipe Lima,99.0,70.36363636363636,0.0,1.0,71.29220779220779,0.0,1.0,NaN,NaN,0.0,NaN,NaN,0.0,0,1
John Merrick,99.0,72.36363636363636,0.0,1.0,69.29220779220779,0.0,1.0,NaN,NaN,0.0,NaN,NaN,0.0,0,1
Eric Axley,106.0,76.36363636363636,0.0,1.0,66.29220779220779,0.0,1.0,NaN,NaN,0.0,NaN,NaN,0.0,0,1
Stephen Gallacher,110.75,73.99230634956442,1.5136190490677106,4.0,72.44223988377213,3.4707993910789736,4.0,74.65714285714286,0.0,1.0,68.78571428571429,0.0,1.0,36500,4
Nick Gilliam,78.0,70.43181818181819,0.9318181818181799,2.0,69.97176179084073,1.3204460013670527,2.0,71.07894736842105,0.0,1.0,69.07894736842105,0.0,1.0,8926,2
David Oh,106.0,69.36363636363636,0.0,1.0,73.29220779220779,0.0,1.0,NaN,NaN,0.0,NaN,NaN,0.0,0,1
Steven Conran,113.0,72.36363636363636,0.0,1.0,71.29220779220779,0.0,1.0,NaN,NaN,0.0,NaN,NaN,0.0,0,1
Clint Jensen,122.0,72.36363636363636,0.0,1.0,72.29220779220779,0.0,1.0,NaN,NaN,0.0,NaN,NaN,0.0,0,1
Josh McCumber,122.0,68.36363636363636,0.0,1.0,76.29220779220779,0.0,1.0,NaN,NaN,0.0,NaN,NaN,0.0,0,1
Scott Parel,122.0,71.36363636363636,0.0,1.0,73.29220779220779,0.0,1.0,NaN,NaN,0.0,NaN,NaN,0.0,0,1
Y.E. Yang,77.5,71.04085545670728,2.406583680379264,4.0,70.12845640162928,3.831792833638584,4.0,71.09036568213784,3.479254571026722,2.0,73.64170182841069,3.4138537271448683,2.0,22856,4
David Denham,132.0,72.36363636363636,0.0,1.0,73.29220779220779,0.0,1.0,NaN,NaN,0.0,NaN,NaN,0.0,0,1
Scott Gibson,137.0,72.36363636363636,0.0,1.0,74.29220779220779,0.0,1.0,NaN,NaN,0.0,NaN,NaN,0.0,0,1
Nick Jones,137.0,75.36363636363636,0.0,1.0,71.29220779220779,0.0,1.0,NaN,NaN,0.0,NaN,NaN,0.0,0,1
Michael Putnam,58.4,69.95912157034176,2.884841570547693,5.0,71.01401638100096,2.9709568412181095,5.0,69.33593618525126,1.1551176452510763,3.0,67.882725012862,3.15376648654016,3.0,229733,5
Aaron Barber,143.0,69.36363636363636,0.0,1.0,78.29220779220779,0.0,1.0,NaN,NaN,0.0,NaN,NaN,0.0,0,1
Simon Dyson,90.0,71.34633431085044,3.0173020527859222,2.0,72.60416841223292,1.6880393799748603,2.0,72.0125,0.0,1.0,72.4375,0.0,1.0,38548,2
Jim Benepe,112.5,74.13983344899376,3.2238029146426044,2.0,73.3789283235848,1.0867205313770185,2.0,NaN,NaN,0.0,NaN,NaN,0.0,0,2
Mike Ruiz,147.0,74.36363636363636,0.0,1.0,75.29220779220779,0.0,1.0,NaN,NaN,0.0,NaN,NaN,0.0,0,1
Lee Williams,147.0,74.36363636363636,0.0,1.0,75.29220779220779,0.0,1.0,NaN,NaN,0.0,NaN,NaN,0.0,0,1
Pierre-Henri Soero,151.0,78.36363636363636,0.0,1.0,73.29220779220779,0.0,1.0,NaN,NaN,0.0,NaN,NaN,0.0,0,1
Sal Spallone,151.0,74.36363636363636,0.0,1.0,77.29220779220779,0.0,1.0,NaN,NaN,0.0,NaN,NaN,0.0,0,1
Wil Collins,153.0,77.36363636363636,0.0,1.0,75.29220779220779,0.0,1.0,NaN,NaN,0.0,NaN,NaN,0.0,0,1
Conrad Ray,154.0,75.36363636363636,0.0,1.0,80.29220779220779,0.0,1.0,NaN,NaN,0.0,NaN,NaN,0.0,0,1
Tom Sutter,96.0,75.23178807947019,0.0,1.0,73.34437086092716,0.0,1.0,NaN,NaN,0.0,NaN,NaN,0.0,0,1
P.H. Horgan III,83.5,69.57390930691068,0.34212122744047946,2.0,70.40500985794449,2.9393610029826647,2.0,76.88311688311688,0.0,1.0,74.59740259740259,0.0,1.0,6540,2
G.W. Cable,116.0,71.23178807947019,0.0,1.0,72.34437086092716,0.0,1.0,NaN,NaN,0.0,NaN,NaN,0.0,0,1
Brad Lardon,91.75,71.97093368740278,4.509007008238944,4.0,71.02405332583263,0.7957403200210034,4.0,70.97135135135136,3.268648648648643,2.0,73.17468468468468,0.9719819819819762,2.0,25332,4
Shawn Baker,152.0,80.23178807947019,0.0,1.0,81.34437086092716,0.0,1.0,NaN,NaN,0.0,NaN,NaN,0.0,0,1
Chris Couch,13.0,65.35483870967742,0.0,1.0,66.0,0.0,1.0,73.45714285714286,0.0,1.0,71.34285714285714,0.0,1.0,96667,1
Mike Small,73.0,69.7799834574028,1.4251447477253907,2.0,68.76602564102564,3.2339743589743577,2.0,78.0133815551537,0.5562386980108514,2.0,74.28535262206148,4.057504520795661,2.0,21900,2
Kevin PomArleau,130.5,74.99677419354839,2.6419354838709666,2.0,72.79354838709678,0.7935483870967772,2.0,NaN,NaN,0.0,NaN,NaN,0.0,0,2
Constant Demattia,135.0,75.35483870967742,0.0,1.0,72.0,0.0,1.0,NaN,NaN,0.0,NaN,NaN,0.0,0,1
Joe Affrunti,122.0,71.92741935483872,2.4274193548387117,2.0,74.82565789473685,3.1743421052631575,2.0,NaN,NaN,0.0,NaN,NaN,0.0,0,2
Tony Aguilar,152.0,77.35483870967742,0.0,1.0,78.0,0.0,1.0,NaN,NaN,0.0,NaN,NaN,0.0,0,1
Douglas Bauman,153.0,86.35483870967742,0.0,1.0,71.0,0.0,1.0,NaN,NaN,0.0,NaN,NaN,0.0,0,1
Terry Russell,155.0,80.35483870967742,0.0,1.0,79.0,0.0,1.0,NaN,NaN,0.0,NaN,NaN,0.0,0,1
Jason Knutzon,58.0,69.91333333333333,0.0,1.0,70.78666666666666,0.0,1.0,70.71052631578948,0.0,1.0,71.3157894736842,0.0,1.0,8920,1
Michael Clark II,112.0,70.91468193384225,1.001348600508912,2.0,76.12615776081424,1.6605089058524172,2.0,NaN,NaN,0.0,NaN,NaN,0.0,0,2
Ben Weir,134.0,72.91333333333333,0.0,1.0,75.78666666666666,0.0,1.0,NaN,NaN,0.0,NaN,NaN,0.0,0,1
John Bermel,142.0,76.91333333333333,0.0,1.0,73.78666666666666,0.0,1.0,NaN,NaN,0.0,NaN,NaN,0.0,0,1
Scott Chipokas,145.0,74.91333333333333,0.0,1.0,77.78666666666666,0.0,1.0,NaN,NaN,0.0,NaN,NaN,0.0,0,1
Paul Del Vecchio,146.0,74.91333333333333,0.0,1.0,78.78666666666666,0.0,1.0,NaN,NaN,0.0,NaN,NaN,0.0,0,1
Andrew D. Price,147.0,76.91333333333333,0.0,1.0,78.78666666666666,0.0,1.0,NaN,NaN,0.0,NaN,NaN,0.0,0,1
John Shawver,147.0,75.91333333333333,0.0,1.0,79.78666666666666,0.0,1.0,NaN,NaN,0.0,NaN,NaN,0.0,0,1
Craig Van Horn,147.0,80.91333333333333,0.0,1.0,74.78666666666666,0.0,1.0,NaN,NaN,0.0,NaN,NaN,0.0,0,1
David Gossett,150.0,84.91333333333333,0.0,1.0,81.78666666666666,0.0,1.0,NaN,NaN,0.0,NaN,NaN,0.0,0,1
Lloyd Saltman,15.0,71.32903225806452,0.0,1.0,70.91612903225807,0.0,1.0,68.0125,0.0,1.0,70.4375,0.0,1.0,0,1
Eric Ramsay,23.0,66.32903225806452,0.0,1.0,73.91612903225807,0.0,1.0,74.0125,0.0,1.0,67.4375,0.0,1.0,0,1
Tadahiro Takayama,23.0,70.32903225806452,0.0,1.0,71.91612903225807,0.0,1.0,70.0125,0.0,1.0,69.4375,0.0,1.0,56947,1
Scott Drummond,23.0,72.32903225806452,0.0,1.0,70.91612903225807,0.0,1.0,69.0125,0.0,1.0,69.4375,0.0,1.0,56947,1
Nick Flanagan,23.0,71.32903225806452,0.0,1.0,70.91612903225807,0.0,1.0,69.0125,0.0,1.0,70.4375,0.0,1.0,56947,1
Henrik Stenson,24.25,69.27096247604663,3.1690264005082343,4.0,66.83657924006802,1.590840588170149,4.0,70.89314911091019,3.2844475902075763,4.0,68.76493950978849,1.737877003686095,4.0,501986,4
Simon Khan,41.0,67.32903225806452,0.0,1.0,69.91612903225807,0.0,1.0,78.0125,0.0,1.0,69.4375,0.0,1.0,26243,1
Hiroyuki Fujita,41.0,70.32903225806452,0.0,1.0,67.91612903225807,0.0,1.0,74.0125,0.0,1.0,72.4375,0.0,1.0,26243,1
Steve Webster,50.0,69.26708023159637,0.06195202646815545,2.0,69.72409015715468,2.1920388751033926,2.0,72.29106012658228,1.2785601265822777,2.0,70.3326740506329,2.1048259493670898,2.0,39586,2
Soren Hansen,41.0,70.32903225806452,0.0,1.0,71.91612903225807,0.0,1.0,66.0125,0.0,1.0,76.4375,0.0,1.0,26243,1
Maarten Lafeber,75.0,72.76708023159637,1.4380479735318445,2.0,69.22409015715468,0.6920388751033926,2.0,67.0125,0.0,1.0,76.4375,0.0,1.0,26243,2
Paul Lawrie,52.0,70.32903225806452,0.0,1.0,70.91612903225807,0.0,1.0,75.0125,0.0,1.0,69.4375,0.0,1.0,19154,1
Thongchai Jaidee,72.75,72.02096247604663,0.8648341397664028,4.0,71.33657924006802,2.194799816514643,4.0,72.66765873015873,1.6633146800872376,3.0,71.61063664596273,0.7542313921011067,3.0,92654,4
Tino Schuster,60.0,66.32903225806452,0.0,1.0,73.91612903225807,0.0,1.0,74.0125,0.0,1.0,72.4375,0.0,1.0,17522,1
John Bickerton,60.0,73.32903225806452,0.0,1.0,69.91612903225807,0.0,1.0,71.0125,0.0,1.0,72.4375,0.0,1.0,17522,1
Edoardo Molinari,60.0,68.32903225806452,0.0,1.0,69.91612903225807,0.0,1.0,74.0125,0.0,1.0,74.4375,0.0,1.0,0,1
Greg Norman,60.0,70.32903225806452,0.0,1.0,70.91612903225807,0.0,1.0,70.0125,0.0,1.0,75.4375,0.0,1.0,17522,1
Robert Rock,67.0,71.32903225806452,0.0,1.0,70.91612903225807,0.0,1.0,75.0125,0.0,1.0,71.4375,0.0,1.0,16383,1
David Smail,67.0,71.32903225806452,0.0,1.0,71.91612903225807,0.0,1.0,69.0125,0.0,1.0,76.4375,0.0,1.0,16383,1
Patrik Sjoland,73.0,72.32903225806452,0.0,1.0,70.91612903225807,0.0,1.0,76.0125,0.0,1.0,70.4375,0.0,1.0,15770,1
S.K. Ho,92.66666666666667,72.00414044425266,0.8514090266345832,3.0,74.10591517723356,2.4490875290585734,3.0,70.67291666666667,1.3395833333333371,2.0,75.02309782608695,1.4144021739130466,2.0,50169,3
Graeme Storm,78.0,73.32903225806452,0.0,1.0,69.91612903225807,0.0,1.0,80.0125,0.0,1.0,70.4375,0.0,1.0,14806,1
Matthew Richardson,80.0,73.32903225806452,0.0,1.0,68.91612903225807,0.0,1.0,77.0125,0.0,1.0,75.4375,0.0,1.0,0,1
Peter Baker,81.0,68.32903225806452,0.0,1.0,75.91612903225807,0.0,1.0,NaN,NaN,0.0,NaN,NaN,0.0,0,1
Stephen Dodd,62.0,71.52096247604663,1.4004026562581522,4.0,70.83657924006802,3.2045722169643387,4.0,72.4952380952381,4.161904761904765,2.0,70.6972049689441,1.0885093167701925,2.0,109500,4
Peter Fowler,81.0,72.32903225806452,0.0,1.0,71.91612903225807,0.0,1.0,NaN,NaN,0.0,NaN,NaN,0.0,0,1
Danny Chia,92.0,72.32903225806452,0.0,1.0,72.91612903225807,0.0,1.0,NaN,NaN,0.0,NaN,NaN,0.0,0,1
Alastair Forsyth,92.0,75.32903225806452,0.0,1.0,69.91612903225807,0.0,1.0,NaN,NaN,0.0,NaN,NaN,0.0,0,1
Mardan Mamat,92.0,73.32903225806452,0.0,1.0,71.91612903225807,0.0,1.0,NaN,NaN,0.0,NaN,NaN,0.0,0,1
Jean-Francois Remesy,100.5,69.76708023159637,1.5619520264681555,2.0,74.22409015715468,0.30796112489660743,2.0,NaN,NaN,0.0,NaN,NaN,0.0,0,2
Ignacio Garrido,100.0,69.32903225806452,0.0,1.0,76.91612903225807,0.0,1.0,NaN,NaN,0.0,NaN,NaN,0.0,0,1
Andrew Oldcorn,100.0,74.32903225806452,0.0,1.0,71.91612903225807,0.0,1.0,NaN,NaN,0.0,NaN,NaN,0.0,0,1
Charl Schwartzel,88.66666666666667,74.01585095596316,1.9566502339650813,3.0,70.27055609187447,3.144781866890205,3.0,72.33333333333333,0.0,1.0,65.6086956521739,0.0,1.0,77000,3
Lars Brovold,114.0,73.32903225806452,0.0,1.0,73.91612903225807,0.0,1.0,NaN,NaN,0.0,NaN,NaN,0.0,0,1
David Diaz,114.0,72.32903225806452,0.0,1.0,74.91612903225807,0.0,1.0,NaN,NaN,0.0,NaN,NaN,0.0,0,1
Martin Doyle,114.0,71.32903225806452,0.0,1.0,75.91612903225807,0.0,1.0,NaN,NaN,0.0,NaN,NaN,0.0,0,1
Kenneth Ferrie,59.666666666666664,71.62624056635276,1.8664547226277917,3.0,69.93808855940694,3.5516652489967315,3.0,70.9952380952381,1.6619047619047649,2.0,69.6972049689441,3.9114906832298075,2.0,120250,3
Robert Coles,123.0,74.32903225806452,0.0,1.0,73.91612903225807,0.0,1.0,NaN,NaN,0.0,NaN,NaN,0.0,0,1
Doug McGuigan,123.0,72.32903225806452,0.0,1.0,75.91612903225807,0.0,1.0,NaN,NaN,0.0,NaN,NaN,0.0,0,1
Jean Van de Velde,123.0,75.32903225806452,0.0,1.0,72.91612903225807,0.0,1.0,NaN,NaN,0.0,NaN,NaN,0.0,0,1
Andre Bossert,128.0,72.32903225806452,0.0,1.0,76.91612903225807,0.0,1.0,NaN,NaN,0.0,NaN,NaN,0.0,0,1
Oscar Floren,128.0,71.32903225806452,0.0,1.0,77.91612903225807,0.0,1.0,NaN,NaN,0.0,NaN,NaN,0.0,0,1
Murray Urquhart,128.0,71.32903225806452,0.0,1.0,77.91612903225807,0.0,1.0,NaN,NaN,0.0,NaN,NaN,0.0,0,1
Peter Lawrie,135.0,72.32903225806452,0.0,1.0,77.91612903225807,0.0,1.0,NaN,NaN,0.0,NaN,NaN,0.0,0,1
Wilhelm Schauman,135.0,79.32903225806452,0.0,1.0,70.91612903225807,0.0,1.0,NaN,NaN,0.0,NaN,NaN,0.0,0,1
Andrew Butterfield,139.0,75.32903225806452,0.0,1.0,75.91612903225807,0.0,1.0,NaN,NaN,0.0,NaN,NaN,0.0,0,1
Marcus Fraser,139.0,76.32903225806452,0.0,1.0,74.91612903225807,0.0,1.0,NaN,NaN,0.0,NaN,NaN,0.0,0,1
Sean McDonagh,139.0,75.32903225806452,0.0,1.0,75.91612903225807,0.0,1.0,NaN,NaN,0.0,NaN,NaN,0.0,0,1
Brian McElhinney,139.0,76.32903225806452,0.0,1.0,74.91612903225807,0.0,1.0,NaN,NaN,0.0,NaN,NaN,0.0,0,1
Robert D. Steele,139.0,76.32903225806452,0.0,1.0,74.91612903225807,0.0,1.0,NaN,NaN,0.0,NaN,NaN,0.0,0,1
Chris K Campbell,147.0,79.32903225806452,0.0,1.0,73.91612903225807,0.0,1.0,NaN,NaN,0.0,NaN,NaN,0.0,0,1
Tony Jacklin,147.0,77.32903225806452,0.0,1.0,75.91612903225807,0.0,1.0,NaN,NaN,0.0,NaN,NaN,0.0,0,1
Andrew Marshall,151.0,82.32903225806452,0.0,1.0,73.91612903225807,0.0,1.0,NaN,NaN,0.0,NaN,NaN,0.0,0,1
Richard Moir,151.0,81.32903225806452,0.0,1.0,74.91612903225807,0.0,1.0,NaN,NaN,0.0,NaN,NaN,0.0,0,1
John Wade,151.0,74.32903225806452,0.0,1.0,81.91612903225807,0.0,1.0,NaN,NaN,0.0,NaN,NaN,0.0,0,1
Pete Oakley,154.0,79.32903225806452,0.0,1.0,77.91612903225807,0.0,1.0,NaN,NaN,0.0,NaN,NaN,0.0,0,1
Thammanoon Srirot,155.0,82.32903225806452,0.0,1.0,76.91612903225807,0.0,1.0,NaN,NaN,0.0,NaN,NaN,0.0,0,1
Matt Hendrix,13.0,64.91603053435115,0.0,1.0,69.46564885496183,0.0,1.0,72.88311688311688,0.0,1.0,73.59740259740259,0.0,1.0,51429,1
Gavin Flint,47.0,70.91603053435115,0.0,1.0,70.46564885496183,0.0,1.0,73.88311688311688,0.0,1.0,71.59740259740259,0.0,1.0,7932,1
Brad Fabel,52.0,69.91603053435115,0.0,1.0,73.46564885496183,0.0,1.0,72.88311688311688,0.0,1.0,71.59740259740259,0.0,1.0,6926,1
Wayne Levi,52.0,70.91603053435115,0.0,1.0,69.46564885496183,0.0,1.0,73.88311688311688,0.0,1.0,73.59740259740259,0.0,1.0,6926,1
Trevor Dodds,81.5,71.0820462749275,2.1660157405763627,2.0,73.38786318717084,0.07778566779099094,2.0,74.88311688311688,0.0,1.0,75.59740259740259,0.0,1.0,5820,2
Dave Rummells,108.0,72.37944383860415,3.4634133042529953,2.0,73.04711014176664,1.5814612868048028,2.0,73.88311688311688,0.0,1.0,79.59740259740259,0.0,1.0,5640,2
Keith Huber,78.0,70.91603053435115,0.0,1.0,74.46564885496183,0.0,1.0,NaN,NaN,0.0,NaN,NaN,0.0,0,1
Scott Gump,102.5,73.20801526717557,0.7080152671755755,2.0,71.55848232221776,0.9071665327440712,2.0,NaN,NaN,0.0,NaN,NaN,0.0,0,2
Donnie Hammond,92.0,73.91603053435115,0.0,1.0,72.46564885496183,0.0,1.0,NaN,NaN,0.0,NaN,NaN,0.0,0,1
Mark Tucker,92.0,70.91603053435115,0.0,1.0,75.46564885496183,0.0,1.0,NaN,NaN,0.0,NaN,NaN,0.0,0,1
Tim Conley,101.0,75.91603053435115,0.0,1.0,72.46564885496183,0.0,1.0,NaN,NaN,0.0,NaN,NaN,0.0,0,1
Joel Edwards,101.0,74.91603053435115,0.0,1.0,73.46564885496183,0.0,1.0,NaN,NaN,0.0,NaN,NaN,0.0,0,1
Kenny Knox,101.0,75.91603053435115,0.0,1.0,72.46564885496183,0.0,1.0,NaN,NaN,0.0,NaN,NaN,0.0,0,1
Eric Manning,101.0,74.91603053435115,0.0,1.0,73.46564885496183,0.0,1.0,NaN,NaN,0.0,NaN,NaN,0.0,0,1
Steve Wheatcroft,103.5,74.31308773094369,1.6029428034074584,2.0,73.50094036950989,1.0352915145480708,2.0,NaN,NaN,0.0,NaN,NaN,0.0,0,2
Jay Don Blake,111.0,70.91603053435115,0.0,1.0,78.46564885496183,0.0,1.0,NaN,NaN,0.0,NaN,NaN,0.0,0,1
Kevin Savage,119.0,75.91603053435115,0.0,1.0,74.46564885496183,0.0,1.0,NaN,NaN,0.0,NaN,NaN,0.0,0,1
Mike Standly,88.5,73.37944383860415,5.536586695747005,2.0,73.04711014176664,1.4185387131951968,2.0,71.70270270270271,0.0,1.0,68.20270270270271,0.0,1.0,8904,2
David Ogrin,123.5,74.37944383860415,5.536586695747005,2.0,76.54711014176664,0.918538713195197,2.0,NaN,NaN,0.0,NaN,NaN,0.0,0,2
Kevin Hall,114.5,69.67142857142858,1.1714285714285708,2.0,74.13994360902257,0.5113721804511258,2.0,NaN,NaN,0.0,NaN,NaN,0.0,0,2
Gary March,125.0,70.5,0.0,1.0,73.65131578947368,0.0,1.0,NaN,NaN,0.0,NaN,NaN,0.0,0,1
David Roesch,125.0,70.5,0.0,1.0,73.65131578947368,0.0,1.0,NaN,NaN,0.0,NaN,NaN,0.0,0,1
Ryan Helminen,143.0,74.5,0.0,1.0,72.65131578947368,0.0,1.0,NaN,NaN,0.0,NaN,NaN,0.0,0,1
Brian Payne,143.0,73.5,0.0,1.0,73.65131578947368,0.0,1.0,NaN,NaN,0.0,NaN,NaN,0.0,0,1
Dave Spengler,148.0,74.5,0.0,1.0,74.65131578947368,0.0,1.0,NaN,NaN,0.0,NaN,NaN,0.0,0,1
Jeff Bisbee,152.0,78.5,0.0,1.0,74.65131578947368,0.0,1.0,NaN,NaN,0.0,NaN,NaN,0.0,0,1
Mark Carnevale,153.0,73.5,0.0,1.0,82.65131578947368,0.0,1.0,NaN,NaN,0.0,NaN,NaN,0.0,0,1
Michael Harris,43.5,71.79586759434957,2.4363904701665646,2.0,68.06696183849884,0.6878768711785739,2.0,70.27249869949713,4.93003294607248,2.0,71.12181376799029,0.0807178775793318,2.0,65430,2
Ryan Brehm,79.0,72.23225806451613,0.0,1.0,70.75483870967741,0.0,1.0,79.20253164556962,0.0,1.0,78.20253164556962,0.0,1.0,0,1
Bob Ackerman,130.0,73.23225806451613,0.0,1.0,74.75483870967741,0.0,1.0,NaN,NaN,0.0,NaN,NaN,0.0,0,1
Matt Seppanen,138.0,77.23225806451613,0.0,1.0,71.75483870967741,0.0,1.0,NaN,NaN,0.0,NaN,NaN,0.0,0,1
Mark Black,148.0,75.23225806451613,0.0,1.0,76.75483870967741,0.0,1.0,NaN,NaN,0.0,NaN,NaN,0.0,0,1
David Ping,151.0,78.23225806451613,0.0,1.0,76.75483870967741,0.0,1.0,NaN,NaN,0.0,NaN,NaN,0.0,0,1
Billy McKay,153.0,72.23225806451613,0.0,1.0,85.75483870967741,0.0,1.0,NaN,NaN,0.0,NaN,NaN,0.0,0,1
Jim Chestnut,154.0,84.23225806451613,0.0,1.0,74.75483870967741,0.0,1.0,NaN,NaN,0.0,NaN,NaN,0.0,0,1
Joe Pollack,155.0,81.23225806451613,0.0,1.0,79.75483870967741,0.0,1.0,NaN,NaN,0.0,NaN,NaN,0.0,0,1
Steve Schneiter,40.0,69.2051282051282,0.0,1.0,69.53205128205128,0.0,1.0,70.56962025316456,0.0,1.0,67.22784810126582,0.0,1.0,22300,1
Ron Philo Jr.,66.0,68.2051282051282,0.0,1.0,70.53205128205128,0.0,1.0,71.56962025316456,0.0,1.0,69.22784810126582,0.0,1.0,12750,1
Darrell Kestner,78.0,69.2051282051282,0.0,1.0,67.53205128205128,0.0,1.0,76.56962025316456,0.0,1.0,76.22784810126582,0.0,1.0,11700,1
Jeff Yurkiewicz,80.0,69.2051282051282,0.0,1.0,70.53205128205128,0.0,1.0,NaN,NaN,0.0,NaN,NaN,0.0,0,1
Chip Johnson,91.0,69.2051282051282,0.0,1.0,71.53205128205128,0.0,1.0,NaN,NaN,0.0,NaN,NaN,0.0,0,1
Rob Moss,91.0,71.2051282051282,0.0,1.0,69.53205128205128,0.0,1.0,NaN,NaN,0.0,NaN,NaN,0.0,0,1
Niclas Fasth,56.0,69.91827254870734,0.3158866952447243,3.0,70.476729309338,0.7490434314809145,3.0,70.4952380952381,0.8380952380952351,2.0,69.6972049689441,0.08850931677019247,2.0,107500,3
Travis Long,98.0,73.2051282051282,0.0,1.0,68.53205128205128,0.0,1.0,NaN,NaN,0.0,NaN,NaN,0.0,0,1
Brett Melton,98.0,69.2051282051282,0.0,1.0,72.53205128205128,0.0,1.0,NaN,NaN,0.0,NaN,NaN,0.0,0,1
Jeff Coston,109.0,71.2051282051282,0.0,1.0,71.53205128205128,0.0,1.0,NaN,NaN,0.0,NaN,NaN,0.0,0,1
Tim Fleming,109.0,71.2051282051282,0.0,1.0,71.53205128205128,0.0,1.0,NaN,NaN,0.0,NaN,NaN,0.0,0,1
Dave Tentis,118.0,74.2051282051282,0.0,1.0,69.53205128205128,0.0,1.0,NaN,NaN,0.0,NaN,NaN,0.0,0,1
Mark Mielke,121.0,74.2051282051282,0.0,1.0,70.53205128205128,0.0,1.0,NaN,NaN,0.0,NaN,NaN,0.0,0,1
Tim Thelen,121.0,74.2051282051282,0.0,1.0,70.53205128205128,0.0,1.0,NaN,NaN,0.0,NaN,NaN,0.0,0,1
Chris Wiemers,132.0,71.2051282051282,0.0,1.0,74.53205128205128,0.0,1.0,NaN,NaN,0.0,NaN,NaN,0.0,0,1
Scott Spence,140.0,76.2051282051282,0.0,1.0,71.53205128205128,0.0,1.0,NaN,NaN,0.0,NaN,NaN,0.0,0,1
Don Berry,147.0,73.2051282051282,0.0,1.0,75.53205128205128,0.0,1.0,NaN,NaN,0.0,NaN,NaN,0.0,0,1
Wayne Grady,149.0,75.2051282051282,0.0,1.0,75.53205128205128,0.0,1.0,NaN,NaN,0.0,NaN,NaN,0.0,0,1
Mike Reid,150.0,75.2051282051282,0.0,1.0,76.53205128205128,0.0,1.0,NaN,NaN,0.0,NaN,NaN,0.0,0,1
Jeff Martin,152.0,77.2051282051282,0.0,1.0,75.53205128205128,0.0,1.0,NaN,NaN,0.0,NaN,NaN,0.0,0,1
Rich Steinmetz,152.0,78.2051282051282,0.0,1.0,74.53205128205128,0.0,1.0,NaN,NaN,0.0,NaN,NaN,0.0,0,1
Craig Thomas,155.0,77.2051282051282,0.0,1.0,76.53205128205128,0.0,1.0,NaN,NaN,0.0,NaN,NaN,0.0,0,1
Tim Weinhart,155.0,75.2051282051282,0.0,1.0,78.53205128205128,0.0,1.0,NaN,NaN,0.0,NaN,NaN,0.0,0,1
Marc Cayeux,49.0,69.07142857142857,0.0,1.0,73.02857142857142,0.0,1.0,70.65714285714286,0.0,1.0,70.78571428571429,0.0,1.0,42250,1
Kazuhiko Hosokawa,65.0,68.07142857142857,0.0,1.0,76.02857142857142,0.0,1.0,70.65714285714286,0.0,1.0,73.78571428571429,0.0,1.0,34500,1
Jyoti Randhawa,60.5,73.2748447204969,3.7965838509316754,2.0,72.44906832298136,2.5795031055900637,2.0,73.4952380952381,1.1619047619047649,2.0,72.6972049689441,0.9114906832298075,2.0,72500,2
Steve Hummel,124.0,76.265625,0.0,1.0,78.7734375,0.0,1.0,NaN,NaN,0.0,NaN,NaN,0.0,0,1
Takuya Taniguchi,124.0,78.265625,0.0,1.0,76.7734375,0.0,1.0,NaN,NaN,0.0,NaN,NaN,0.0,0,1
Steven Bowditch,73.0,67.24025974025975,0.0,1.0,68.02597402597402,0.0,1.0,73.18181818181819,0.0,1.0,77.87012987012987,0.0,1.0,8299,1
Tyler Hall,78.0,70.24025974025975,0.0,1.0,70.02597402597402,0.0,1.0,NaN,NaN,0.0,NaN,NaN,0.0,0,1
Matt Doyle,109.0,71.24025974025975,0.0,1.0,71.02597402597402,0.0,1.0,NaN,NaN,0.0,NaN,NaN,0.0,0,1
Jeff Overton,127.0,76.24025974025975,0.0,1.0,68.02597402597402,0.0,1.0,NaN,NaN,0.0,NaN,NaN,0.0,0,1
Joey Iaciofano,150.0,80.24025974025975,0.0,1.0,71.02597402597402,0.0,1.0,NaN,NaN,0.0,NaN,NaN,0.0,0,1
Tom Gleeton,151.0,71.24025974025975,0.0,1.0,81.02597402597402,0.0,1.0,NaN,NaN,0.0,NaN,NaN,0.0,0,1
Ron Dellostritto,152.0,78.24025974025975,0.0,1.0,75.02597402597402,0.0,1.0,NaN,NaN,0.0,NaN,NaN,0.0,0,1
Jim St. Pierre,153.0,76.24025974025975,0.0,1.0,80.02597402597402,0.0,1.0,NaN,NaN,0.0,NaN,NaN,0.0,0,1
Craig Kealey,154.0,83.24025974025975,0.0,1.0,78.02597402597402,0.0,1.0,NaN,NaN,0.0,NaN,NaN,0.0,0,1
Marcel Siem,32.0,73.63870967741936,0.0,1.0,62.587096774193554,0.0,1.0,71.93506493506493,0.0,1.0,71.48051948051948,0.0,1.0,29150,1
Steve Marino,47.0,68.63870967741936,0.0,1.0,70.58709677419355,0.0,1.0,70.93506493506493,0.0,1.0,71.48051948051948,0.0,1.0,14542,1
Geoffrey Sisk,78.0,72.63870967741936,0.0,1.0,69.58709677419355,0.0,1.0,NaN,NaN,0.0,NaN,NaN,0.0,0,1
Josh Teater,90.0,71.63870967741936,0.0,1.0,71.58709677419355,0.0,1.0,NaN,NaN,0.0,NaN,NaN,0.0,0,1
John Hickson,145.0,72.63870967741936,0.0,1.0,77.58709677419355,0.0,1.0,NaN,NaN,0.0,NaN,NaN,0.0,0,1
Troy Pare,145.0,74.63870967741936,0.0,1.0,75.58709677419355,0.0,1.0,NaN,NaN,0.0,NaN,NaN,0.0,0,1
Terry Hatch,148.0,77.63870967741936,0.0,1.0,73.58709677419355,0.0,1.0,NaN,NaN,0.0,NaN,NaN,0.0,0,1
Steve Collins,56.0,70.359477124183,0.0,1.0,66.37908496732027,0.0,1.0,68.34246575342466,0.0,1.0,75.04109589041096,0.0,1.0,11250,1
Jim Rutledge,74.0,71.359477124183,0.0,1.0,68.37908496732027,0.0,1.0,NaN,NaN,0.0,NaN,NaN,0.0,0,1
Paul Danielson,89.0,73.359477124183,0.0,1.0,67.37908496732027,0.0,1.0,NaN,NaN,0.0,NaN,NaN,0.0,0,1
Jon Mills,97.0,70.359477124183,0.0,1.0,71.37908496732027,0.0,1.0,NaN,NaN,0.0,NaN,NaN,0.0,0,1
James Lepp,109.0,75.359477124183,0.0,1.0,67.37908496732027,0.0,1.0,NaN,NaN,0.0,NaN,NaN,0.0,0,1
Jaime Gomez,115.0,76.359477124183,0.0,1.0,67.37908496732027,0.0,1.0,NaN,NaN,0.0,NaN,NaN,0.0,0,1
David Mathis,115.0,72.359477124183,0.0,1.0,71.37908496732027,0.0,1.0,NaN,NaN,0.0,NaN,NaN,0.0,0,1
Adam Short,115.0,68.359477124183,0.0,1.0,75.37908496732027,0.0,1.0,NaN,NaN,0.0,NaN,NaN,0.0,0,1
Derek Gillespie,127.0,75.359477124183,0.0,1.0,69.37908496732027,0.0,1.0,NaN,NaN,0.0,NaN,NaN,0.0,0,1
Anders Hultman,127.0,71.359477124183,0.0,1.0,73.37908496732027,0.0,1.0,NaN,NaN,0.0,NaN,NaN,0.0,0,1
Richard Scott,127.0,72.359477124183,0.0,1.0,72.37908496732027,0.0,1.0,NaN,NaN,0.0,NaN,NaN,0.0,0,1
Ian Doig,135.0,74.359477124183,0.0,1.0,71.37908496732027,0.0,1.0,NaN,NaN,0.0,NaN,NaN,0.0,0,1
Stuart Anderson,141.0,72.359477124183,0.0,1.0,75.37908496732027,0.0,1.0,NaN,NaN,0.0,NaN,NaN,0.0,0,1
Jay Snyder,141.0,70.359477124183,0.0,1.0,77.37908496732027,0.0,1.0,NaN,NaN,0.0,NaN,NaN,0.0,0,1
David Morland IV,146.0,73.359477124183,0.0,1.0,75.37908496732027,0.0,1.0,NaN,NaN,0.0,NaN,NaN,0.0,0,1
Chris Ming,150.0,83.359477124183,0.0,1.0,67.37908496732027,0.0,1.0,NaN,NaN,0.0,NaN,NaN,0.0,0,1
Richard Zokol,153.0,76.359477124183,0.0,1.0,79.37908496732027,0.0,1.0,NaN,NaN,0.0,NaN,NaN,0.0,0,1
Roy Vucinich,130.0,74.71014492753623,0.0,1.0,78.53623188405797,0.0,1.0,NaN,NaN,0.0,NaN,NaN,0.0,0,1
Brandon Knaub,136.0,77.71014492753623,0.0,1.0,78.53623188405797,0.0,1.0,NaN,NaN,0.0,NaN,NaN,0.0,0,1
Bradley Dredge,18.0,68.47826086956522,0.0,1.0,68.8695652173913,0.0,1.0,70.33333333333333,0.0,1.0,67.6086956521739,0.0,1.0,77000,1
Yasuharu Imano,25.0,68.47826086956522,0.0,1.0,67.8695652173913,0.0,1.0,70.33333333333333,0.0,1.0,69.6086956521739,0.0,1.0,66000,1
Simon Yates,43.0,72.47826086956522,0.0,1.0,67.8695652173913,0.0,1.0,68.33333333333333,0.0,1.0,73.6086956521739,0.0,1.0,46000,1
Neil Cheetham,68.0,76.47826086956522,0.0,1.0,77.8695652173913,0.0,1.0,70.33333333333333,0.0,1.0,74.6086956521739,0.0,1.0,33000,1
Warren Abery,69.0,79.47826086956522,0.0,1.0,76.8695652173913,0.0,1.0,73.33333333333333,0.0,1.0,72.6086956521739,0.0,1.0,32500,1
Brad Bryant,88.0,69.79285714285714,0.0,1.0,76.02857142857142,0.0,1.0,NaN,NaN,0.0,NaN,NaN,0.0,0,1
Jim Garrison,132.0,74.99017857142857,2.8026785714285722,2.0,78.7017857142857,0.6732142857142875,2.0,NaN,NaN,0.0,NaN,NaN,0.0,0,2
J.B. Holmes,106.0,71.44961240310077,0.0,1.0,76.74418604651163,0.0,1.0,NaN,NaN,0.0,NaN,NaN,0.0,0,1
